[{"model": "admin.logentry", "pk": 4, "fields": {"action_time": "2021-04-03T04:59:58.718Z", "user": 1, "content_type": 6, "object_id": "1", "object_repr": "narayanmaitysp@gmail.com", "action_flag": 2, "change_message": "[{\"changed\": {\"fields\": [\"Phone number\"]}}]"}}, {"model": "admin.logentry", "pk": 5, "fields": {"action_time": "2021-04-03T08:54:52.210Z", "user": 1, "content_type": 7, "object_id": "1", "object_repr": "Shirts", "action_flag": 1, "change_message": "[{\"added\": {}}]"}}, {"model": "admin.logentry", "pk": 6, "fields": {"action_time": "2021-04-03T08:58:53.762Z", "user": 1, "content_type": 7, "object_id": "2", "object_repr": "Jeans", "action_flag": 1, "change_message": "[{\"added\": {}}]"}}, {"model": "admin.logentry", "pk": 7, "fields": {"action_time": "2021-04-03T08:59:14.165Z", "user": 1, "content_type": 7, "object_id": "3", "object_repr": "Jackets", "action_flag": 1, "change_message": "[{\"added\": {}}]"}}, {"model": "admin.logentry", "pk": 8, "fields": {"action_time": "2021-04-03T08:59:32.532Z", "user": 1, "content_type": 7, "object_id": "4", "object_repr": "Shoes", "action_flag": 1, "change_message": "[{\"added\": {}}]"}}, {"model": "admin.logentry", "pk": 9, "fields": {"action_time": "2021-04-03T08:59:46.661Z", "user": 1, "content_type": 7, "object_id": "5", "object_repr": "T-shirts", "action_flag": 1, "change_message": "[{\"added\": {}}]"}}, {"model": "admin.logentry", "pk": 10, "fields": {"action_time": "2021-04-03T09:37:36.351Z", "user": 1, "content_type": 8, "object_id": "1", "object_repr": "ATX-Jeans", "action_flag": 1, "change_message": "[{\"added\": {}}]"}}, {"model": "admin.logentry", "pk": 11, "fields": {"action_time": "2021-04-03T09:39:04.087Z", "user": 1, "content_type": 8, "object_id": "2", "object_repr": "Blue-Shirt", "action_flag": 1, "change_message": "[{\"added\": {}}]"}}, {"model": "admin.logentry", "pk": 12, "fields": {"action_time": "2021-04-03T09:40:22.290Z", "user": 1, "content_type": 8, "object_id": "3", "object_repr": "Great T-shirt", "action_flag": 1, "change_message": "[{\"added\": {}}]"}}, {"model": "admin.logentry", "pk": 13, "fields": {"action_time": "2021-04-03T09:41:49.633Z", "user": 1, "content_type": 8, "object_id": "4", "object_repr": "Polo Jacket", "action_flag": 1, "change_message": "[{\"added\": {}}]"}}, {"model": "admin.logentry", "pk": 14, "fields": {"action_time": "2021-04-03T09:42:59.017Z", "user": 1, "content_type": 8, "object_id": "5", "object_repr": "Puma Ferrari Shoes", "action_flag": 1, "change_message": "[{\"added\": {}}]"}}, {"model": "admin.logentry", "pk": 15, "fields": {"action_time": "2021-04-03T09:43:48.970Z", "user": 1, "content_type": 8, "object_id": "6", "object_repr": "Wrangler Shirt", "action_flag": 1, "change_message": "[{\"added\": {}}]"}}, {"model": "admin.logentry", "pk": 16, "fields": {"action_time": "2021-04-03T09:45:08.594Z", "user": 1, "content_type": 8, "object_id": "7", "object_repr": "Jordan True Basket Ball Shoes", "action_flag": 1, "change_message": "[{\"added\": {}}]"}}, {"model": "admin.logentry", "pk": 17, "fields": {"action_time": "2021-04-03T09:45:56.237Z", "user": 1, "content_type": 8, "object_id": "8", "object_repr": "Mavi Jeans", "action_flag": 1, "change_message": "[{\"added\": {}}]"}}, {"model": "admin.logentry", "pk": 18, "fields": {"action_time": "2021-04-03T12:17:43.132Z", "user": 1, "content_type": 8, "object_id": "1", "object_repr": "ATX-Jeans", "action_flag": 2, "change_message": "[{\"changed\": {\"fields\": [\"Stock\"]}}]"}}, {"model": "admin.logentry", "pk": 19, "fields": {"action_time": "2021-04-06T03:35:08.040Z", "user": 1, "content_type": 11, "object_id": "1", "object_repr": "Variation object (1)", "action_flag": 1, "change_message": "[{\"added\": {}}]"}}, {"model": "admin.logentry", "pk": 20, "fields": {"action_time": "2021-04-06T03:35:31.313Z", "user": 1, "content_type": 11, "object_id": "2", "object_repr": "Variation object (2)", "action_flag": 1, "change_message": "[{\"added\": {}}]"}}, {"model": "admin.logentry", "pk": 21, "fields": {"action_time": "2021-04-06T03:35:51.895Z", "user": 1, "content_type": 11, "object_id": "3", "object_repr": "Variation object (3)", "action_flag": 1, "change_message": "[{\"added\": {}}]"}}, {"model": "admin.logentry", "pk": 22, "fields": {"action_time": "2021-04-06T03:36:14.683Z", "user": 1, "content_type": 11, "object_id": "4", "object_repr": "Variation object (4)", "action_flag": 1, "change_message": "[{\"added\": {}}]"}}, {"model": "admin.logentry", "pk": 23, "fields": {"action_time": "2021-04-06T03:36:28.348Z", "user": 1, "content_type": 11, "object_id": "5", "object_repr": "Variation object (5)", "action_flag": 1, "change_message": "[{\"added\": {}}]"}}, {"model": "admin.logentry", "pk": 24, "fields": {"action_time": "2021-04-06T03:36:39.889Z", "user": 1, "content_type": 11, "object_id": "6", "object_repr": "Variation object (6)", "action_flag": 1, "change_message": "[{\"added\": {}}]"}}, {"model": "admin.logentry", "pk": 25, "fields": {"action_time": "2021-04-06T11:04:47.695Z", "user": 1, "content_type": 11, "object_id": "7", "object_repr": "Variation object (7)", "action_flag": 1, "change_message": "[{\"added\": {}}]"}}, {"model": "admin.logentry", "pk": 26, "fields": {"action_time": "2021-04-06T11:39:22.668Z", "user": 1, "content_type": 8, "object_id": "1", "object_repr": "ATX-Jeans", "action_flag": 2, "change_message": "[{\"changed\": {\"fields\": [\"Stock\"]}}]"}}, {"model": "admin.logentry", "pk": 27, "fields": {"action_time": "2021-04-06T11:48:51.210Z", "user": 1, "content_type": 11, "object_id": "8", "object_repr": "Light Blue", "action_flag": 1, "change_message": "[{\"added\": {}}]"}}, {"model": "admin.logentry", "pk": 28, "fields": {"action_time": "2021-04-09T03:24:12.494Z", "user": 1, "content_type": 9, "object_id": "18", "object_repr": "CartItem object (18)", "action_flag": 3, "change_message": ""}}, {"model": "admin.logentry", "pk": 29, "fields": {"action_time": "2021-04-09T03:24:13.841Z", "user": 1, "content_type": 9, "object_id": "17", "object_repr": "CartItem object (17)", "action_flag": 3, "change_message": ""}}, {"model": "admin.logentry", "pk": 30, "fields": {"action_time": "2021-04-09T03:24:14.437Z", "user": 1, "content_type": 9, "object_id": "16", "object_repr": "CartItem object (16)", "action_flag": 3, "change_message": ""}}, {"model": "admin.logentry", "pk": 31, "fields": {"action_time": "2021-04-09T03:24:15.083Z", "user": 1, "content_type": 9, "object_id": "15", "object_repr": "CartItem object (15)", "action_flag": 3, "change_message": ""}}, {"model": "admin.logentry", "pk": 32, "fields": {"action_time": "2021-04-09T03:26:56.501Z", "user": 1, "content_type": 9, "object_id": "20", "object_repr": "CartItem object (20)", "action_flag": 3, "change_message": ""}}, {"model": "admin.logentry", "pk": 33, "fields": {"action_time": "2021-04-09T03:28:57.879Z", "user": 1, "content_type": 9, "object_id": "22", "object_repr": "CartItem object (22)", "action_flag": 3, "change_message": ""}}, {"model": "admin.logentry", "pk": 34, "fields": {"action_time": "2021-04-09T03:28:58.212Z", "user": 1, "content_type": 9, "object_id": "21", "object_repr": "CartItem object (21)", "action_flag": 3, "change_message": ""}}, {"model": "admin.logentry", "pk": 35, "fields": {"action_time": "2021-04-09T03:28:58.483Z", "user": 1, "content_type": 9, "object_id": "19", "object_repr": "CartItem object (19)", "action_flag": 3, "change_message": ""}}, {"model": "admin.logentry", "pk": 36, "fields": {"action_time": "2021-04-09T03:33:07.637Z", "user": 1, "content_type": 9, "object_id": "26", "object_repr": "CartItem object (26)", "action_flag": 3, "change_message": ""}}, {"model": "admin.logentry", "pk": 37, "fields": {"action_time": "2021-04-09T03:33:08.326Z", "user": 1, "content_type": 9, "object_id": "25", "object_repr": "CartItem object (25)", "action_flag": 3, "change_message": ""}}, {"model": "admin.logentry", "pk": 38, "fields": {"action_time": "2021-04-09T03:33:08.547Z", "user": 1, "content_type": 9, "object_id": "24", "object_repr": "CartItem object (24)", "action_flag": 3, "change_message": ""}}, {"model": "admin.logentry", "pk": 39, "fields": {"action_time": "2021-04-09T03:33:08.775Z", "user": 1, "content_type": 9, "object_id": "23", "object_repr": "CartItem object (23)", "action_flag": 3, "change_message": ""}}, {"model": "admin.logentry", "pk": 40, "fields": {"action_time": "2021-04-09T03:34:46.246Z", "user": 1, "content_type": 9, "object_id": "29", "object_repr": "CartItem object (29)", "action_flag": 3, "change_message": ""}}, {"model": "admin.logentry", "pk": 41, "fields": {"action_time": "2021-04-09T03:34:46.829Z", "user": 1, "content_type": 9, "object_id": "28", "object_repr": "CartItem object (28)", "action_flag": 3, "change_message": ""}}, {"model": "admin.logentry", "pk": 42, "fields": {"action_time": "2021-04-09T03:35:10.708Z", "user": 1, "content_type": 11, "object_id": "8", "object_repr": "Light-blue", "action_flag": 2, "change_message": "[{\"changed\": {\"fields\": [\"Variation value\"]}}]"}}, {"model": "admin.logentry", "pk": 43, "fields": {"action_time": "2021-04-09T03:36:14.801Z", "user": 1, "content_type": 11, "object_id": "8", "object_repr": "Red", "action_flag": 2, "change_message": "[{\"changed\": {\"fields\": [\"Variation value\"]}}]"}}, {"model": "admin.logentry", "pk": 44, "fields": {"action_time": "2021-04-09T03:36:55.922Z", "user": 1, "content_type": 9, "object_id": "31", "object_repr": "CartItem object (31)", "action_flag": 3, "change_message": ""}}, {"model": "admin.logentry", "pk": 45, "fields": {"action_time": "2021-04-09T03:36:56.466Z", "user": 1, "content_type": 9, "object_id": "30", "object_repr": "CartItem object (30)", "action_flag": 3, "change_message": ""}}, {"model": "admin.logentry", "pk": 46, "fields": {"action_time": "2021-04-09T04:04:53.736Z", "user": 1, "content_type": 9, "object_id": "34", "object_repr": "CartItem object (34)", "action_flag": 3, "change_message": ""}}, {"model": "admin.logentry", "pk": 47, "fields": {"action_time": "2021-04-09T04:04:54.655Z", "user": 1, "content_type": 9, "object_id": "33", "object_repr": "CartItem object (33)", "action_flag": 3, "change_message": ""}}, {"model": "admin.logentry", "pk": 48, "fields": {"action_time": "2021-04-09T04:04:54.838Z", "user": 1, "content_type": 9, "object_id": "32", "object_repr": "CartItem object (32)", "action_flag": 3, "change_message": ""}}, {"model": "admin.logentry", "pk": 49, "fields": {"action_time": "2021-04-09T04:04:55.028Z", "user": 1, "content_type": 9, "object_id": "27", "object_repr": "CartItem object (27)", "action_flag": 3, "change_message": ""}}, {"model": "admin.logentry", "pk": 50, "fields": {"action_time": "2021-04-09T04:09:46.651Z", "user": 1, "content_type": 9, "object_id": "37", "object_repr": "CartItem object (37)", "action_flag": 3, "change_message": ""}}, {"model": "admin.logentry", "pk": 51, "fields": {"action_time": "2021-04-09T04:09:47.191Z", "user": 1, "content_type": 9, "object_id": "36", "object_repr": "CartItem object (36)", "action_flag": 3, "change_message": ""}}, {"model": "admin.logentry", "pk": 52, "fields": {"action_time": "2021-04-09T04:11:06.727Z", "user": 1, "content_type": 9, "object_id": "38", "object_repr": "CartItem object (38)", "action_flag": 3, "change_message": ""}}, {"model": "admin.logentry", "pk": 53, "fields": {"action_time": "2021-04-09T04:35:00.701Z", "user": 1, "content_type": 9, "object_id": "42", "object_repr": "CartItem object (42)", "action_flag": 3, "change_message": ""}}, {"model": "admin.logentry", "pk": 54, "fields": {"action_time": "2021-04-09T04:35:01.560Z", "user": 1, "content_type": 9, "object_id": "41", "object_repr": "CartItem object (41)", "action_flag": 3, "change_message": ""}}, {"model": "admin.logentry", "pk": 55, "fields": {"action_time": "2021-04-09T04:35:02.128Z", "user": 1, "content_type": 9, "object_id": "40", "object_repr": "CartItem object (40)", "action_flag": 3, "change_message": ""}}, {"model": "admin.logentry", "pk": 56, "fields": {"action_time": "2021-04-09T04:35:02.446Z", "user": 1, "content_type": 9, "object_id": "39", "object_repr": "CartItem object (39)", "action_flag": 3, "change_message": ""}}, {"model": "admin.logentry", "pk": 57, "fields": {"action_time": "2021-04-09T04:35:02.867Z", "user": 1, "content_type": 9, "object_id": "35", "object_repr": "CartItem object (35)", "action_flag": 3, "change_message": ""}}, {"model": "admin.logentry", "pk": 58, "fields": {"action_time": "2021-04-09T04:37:02.333Z", "user": 1, "content_type": 11, "object_id": "8", "object_repr": "Red", "action_flag": 3, "change_message": ""}}, {"model": "admin.logentry", "pk": 59, "fields": {"action_time": "2021-04-09T04:37:41.331Z", "user": 1, "content_type": 9, "object_id": "44", "object_repr": "CartItem object (44)", "action_flag": 3, "change_message": ""}}, {"model": "admin.logentry", "pk": 60, "fields": {"action_time": "2021-04-09T04:37:42.291Z", "user": 1, "content_type": 9, "object_id": "43", "object_repr": "CartItem object (43)", "action_flag": 3, "change_message": ""}}, {"model": "admin.logentry", "pk": 61, "fields": {"action_time": "2021-04-09T04:39:26.916Z", "user": 1, "content_type": 11, "object_id": "9", "object_repr": "Red", "action_flag": 1, "change_message": "[{\"added\": {}}]"}}, {"model": "admin.logentry", "pk": 62, "fields": {"action_time": "2021-04-09T04:43:31.987Z", "user": 1, "content_type": 11, "object_id": "9", "object_repr": "Red", "action_flag": 3, "change_message": ""}}, {"model": "admin.logentry", "pk": 63, "fields": {"action_time": "2021-04-09T04:43:33.134Z", "user": 1, "content_type": 11, "object_id": "7", "object_repr": "Blue", "action_flag": 3, "change_message": ""}}, {"model": "admin.logentry", "pk": 64, "fields": {"action_time": "2021-04-09T04:43:33.636Z", "user": 1, "content_type": 11, "object_id": "6", "object_repr": "Medium", "action_flag": 3, "change_message": ""}}, {"model": "admin.logentry", "pk": 65, "fields": {"action_time": "2021-04-09T04:43:34.085Z", "user": 1, "content_type": 11, "object_id": "5", "object_repr": "Large", "action_flag": 3, "change_message": ""}}, {"model": "admin.logentry", "pk": 66, "fields": {"action_time": "2021-04-09T04:43:34.474Z", "user": 1, "content_type": 11, "object_id": "4", "object_repr": "Small", "action_flag": 3, "change_message": ""}}, {"model": "admin.logentry", "pk": 67, "fields": {"action_time": "2021-04-09T04:43:34.796Z", "user": 1, "content_type": 11, "object_id": "3", "object_repr": "Medium", "action_flag": 3, "change_message": ""}}, {"model": "admin.logentry", "pk": 68, "fields": {"action_time": "2021-04-09T04:43:35.082Z", "user": 1, "content_type": 11, "object_id": "2", "object_repr": "Small", "action_flag": 3, "change_message": ""}}, {"model": "admin.logentry", "pk": 69, "fields": {"action_time": "2021-04-09T04:43:35.424Z", "user": 1, "content_type": 11, "object_id": "1", "object_repr": "Blue", "action_flag": 3, "change_message": ""}}, {"model": "admin.logentry", "pk": 70, "fields": {"action_time": "2021-04-09T04:43:46.387Z", "user": 1, "content_type": 9, "object_id": "49", "object_repr": "CartItem object (49)", "action_flag": 3, "change_message": ""}}, {"model": "admin.logentry", "pk": 71, "fields": {"action_time": "2021-04-09T04:43:47.026Z", "user": 1, "content_type": 9, "object_id": "48", "object_repr": "CartItem object (48)", "action_flag": 3, "change_message": ""}}, {"model": "admin.logentry", "pk": 72, "fields": {"action_time": "2021-04-09T04:43:47.170Z", "user": 1, "content_type": 9, "object_id": "47", "object_repr": "CartItem object (47)", "action_flag": 3, "change_message": ""}}, {"model": "admin.logentry", "pk": 73, "fields": {"action_time": "2021-04-09T04:43:47.474Z", "user": 1, "content_type": 9, "object_id": "46", "object_repr": "CartItem object (46)", "action_flag": 3, "change_message": ""}}, {"model": "admin.logentry", "pk": 74, "fields": {"action_time": "2021-04-09T04:43:47.600Z", "user": 1, "content_type": 9, "object_id": "45", "object_repr": "CartItem object (45)", "action_flag": 3, "change_message": ""}}, {"model": "admin.logentry", "pk": 75, "fields": {"action_time": "2021-04-09T04:44:21.346Z", "user": 1, "content_type": 11, "object_id": "10", "object_repr": "Blue", "action_flag": 1, "change_message": "[{\"added\": {}}]"}}, {"model": "admin.logentry", "pk": 76, "fields": {"action_time": "2021-04-09T04:44:37.160Z", "user": 1, "content_type": 11, "object_id": "11", "object_repr": "Red", "action_flag": 1, "change_message": "[{\"added\": {}}]"}}, {"model": "admin.logentry", "pk": 77, "fields": {"action_time": "2021-04-09T04:44:49.792Z", "user": 1, "content_type": 11, "object_id": "12", "object_repr": "Light-Blue", "action_flag": 1, "change_message": "[{\"added\": {}}]"}}, {"model": "admin.logentry", "pk": 78, "fields": {"action_time": "2021-04-09T04:45:09.547Z", "user": 1, "content_type": 11, "object_id": "13", "object_repr": "Small", "action_flag": 1, "change_message": "[{\"added\": {}}]"}}, {"model": "admin.logentry", "pk": 79, "fields": {"action_time": "2021-04-09T04:45:21.599Z", "user": 1, "content_type": 11, "object_id": "14", "object_repr": "Medium", "action_flag": 1, "change_message": "[{\"added\": {}}]"}}, {"model": "admin.logentry", "pk": 80, "fields": {"action_time": "2021-04-09T04:45:33.381Z", "user": 1, "content_type": 11, "object_id": "15", "object_repr": "Large", "action_flag": 1, "change_message": "[{\"added\": {}}]"}}, {"model": "admin.logentry", "pk": 81, "fields": {"action_time": "2021-04-09T04:46:13.565Z", "user": 1, "content_type": 11, "object_id": "16", "object_repr": "Red", "action_flag": 1, "change_message": "[{\"added\": {}}]"}}, {"model": "admin.logentry", "pk": 82, "fields": {"action_time": "2021-04-09T04:47:01.952Z", "user": 1, "content_type": 11, "object_id": "17", "object_repr": "Light-blue", "action_flag": 1, "change_message": "[{\"added\": {}}]"}}, {"model": "admin.logentry", "pk": 83, "fields": {"action_time": "2021-04-09T04:47:22.717Z", "user": 1, "content_type": 11, "object_id": "18", "object_repr": "Blue", "action_flag": 1, "change_message": "[{\"added\": {}}]"}}, {"model": "admin.logentry", "pk": 84, "fields": {"action_time": "2021-04-09T04:47:39.037Z", "user": 1, "content_type": 11, "object_id": "19", "object_repr": "Small", "action_flag": 1, "change_message": "[{\"added\": {}}]"}}, {"model": "admin.logentry", "pk": 85, "fields": {"action_time": "2021-04-09T04:47:48.312Z", "user": 1, "content_type": 11, "object_id": "20", "object_repr": "Medium", "action_flag": 1, "change_message": "[{\"added\": {}}]"}}, {"model": "admin.logentry", "pk": 86, "fields": {"action_time": "2021-04-09T04:48:01.390Z", "user": 1, "content_type": 11, "object_id": "21", "object_repr": "Large", "action_flag": 1, "change_message": "[{\"added\": {}}]"}}, {"model": "admin.logentry", "pk": 87, "fields": {"action_time": "2021-04-11T04:59:22.089Z", "user": 1, "content_type": 6, "object_id": "3", "object_repr": "sins.johnny@gmail.com", "action_flag": 3, "change_message": ""}}, {"model": "admin.logentry", "pk": 88, "fields": {"action_time": "2021-04-11T10:06:03.811Z", "user": 1, "content_type": 6, "object_id": "6", "object_repr": "narayanmaitysp1997@gmail.com", "action_flag": 3, "change_message": ""}}, {"model": "admin.logentry", "pk": 89, "fields": {"action_time": "2021-04-12T02:57:11.923Z", "user": 1, "content_type": 9, "object_id": "55", "object_repr": "CartItem object (55)", "action_flag": 3, "change_message": ""}}, {"model": "admin.logentry", "pk": 90, "fields": {"action_time": "2021-04-12T03:37:59.327Z", "user": 1, "content_type": 9, "object_id": "57", "object_repr": "CartItem object (57)", "action_flag": 3, "change_message": ""}}, {"model": "admin.logentry", "pk": 91, "fields": {"action_time": "2021-04-12T03:37:59.617Z", "user": 1, "content_type": 9, "object_id": "56", "object_repr": "CartItem object (56)", "action_flag": 3, "change_message": ""}}, {"model": "admin.logentry", "pk": 92, "fields": {"action_time": "2021-04-12T03:43:50.540Z", "user": 1, "content_type": 9, "object_id": "58", "object_repr": "CartItem object (58)", "action_flag": 3, "change_message": ""}}, {"model": "admin.logentry", "pk": 93, "fields": {"action_time": "2021-04-12T05:11:18.138Z", "user": 1, "content_type": 10, "object_id": "5", "object_repr": "o5g041ma4sll9jf5rtb4y85yrpuumfld", "action_flag": 3, "change_message": ""}}, {"model": "admin.logentry", "pk": 94, "fields": {"action_time": "2021-04-12T05:11:18.883Z", "user": 1, "content_type": 10, "object_id": "4", "object_repr": "6fwx6qjrrign47hbyry3j3sgacws1rge", "action_flag": 3, "change_message": ""}}, {"model": "admin.logentry", "pk": 95, "fields": {"action_time": "2021-04-12T05:11:19.302Z", "user": 1, "content_type": 10, "object_id": "3", "object_repr": "c6lw62a8lsr46z3nar6ebm1xwhdjzck1", "action_flag": 3, "change_message": ""}}, {"model": "admin.logentry", "pk": 96, "fields": {"action_time": "2021-04-12T05:11:19.654Z", "user": 1, "content_type": 10, "object_id": "2", "object_repr": "p4wd0ptuf33kysgzsgkb9ym5h9w1nc8o", "action_flag": 3, "change_message": ""}}, {"model": "admin.logentry", "pk": 97, "fields": {"action_time": "2021-04-12T05:11:19.906Z", "user": 1, "content_type": 10, "object_id": "1", "object_repr": "sz5up319s5j9c5jcng0pzotl68lu28zm", "action_flag": 3, "change_message": ""}}, {"model": "admin.logentry", "pk": 98, "fields": {"action_time": "2021-04-12T11:13:57.627Z", "user": 1, "content_type": 13, "object_id": "1", "object_repr": "Narayan", "action_flag": 3, "change_message": ""}}, {"model": "admin.logentry", "pk": 99, "fields": {"action_time": "2021-04-13T12:28:30.436Z", "user": 1, "content_type": 15, "object_id": "1", "object_repr": "An Update", "action_flag": 2, "change_message": "[{\"changed\": {\"fields\": [\"Review\", \"Rating\"]}}]"}}, {"model": "admin.logentry", "pk": 100, "fields": {"action_time": "2021-04-13T12:28:42.899Z", "user": 1, "content_type": 6, "object_id": "5", "object_repr": "doe.johnny@gmail.com", "action_flag": 2, "change_message": "[{\"changed\": {\"fields\": [\"Is active\"]}}]"}}, {"model": "admin.logentry", "pk": 101, "fields": {"action_time": "2021-04-13T12:28:50.047Z", "user": 1, "content_type": 6, "object_id": "4", "object_repr": "sins.johnny@gmail.com", "action_flag": 2, "change_message": "[{\"changed\": {\"fields\": [\"Is active\"]}}]"}}, {"model": "admin.logentry", "pk": 102, "fields": {"action_time": "2021-04-13T12:28:56.917Z", "user": 1, "content_type": 6, "object_id": "2", "object_repr": "john.doe@gmail.com", "action_flag": 2, "change_message": "[{\"changed\": {\"fields\": [\"Is active\"]}}]"}}, {"model": "admin.logentry", "pk": 103, "fields": {"action_time": "2021-04-13T12:30:08.736Z", "user": 1, "content_type": 15, "object_id": "2", "object_repr": "This jeans is nice", "action_flag": 1, "change_message": "[{\"added\": {}}]"}}, {"model": "admin.logentry", "pk": 104, "fields": {"action_time": "2021-04-13T12:30:49.270Z", "user": 1, "content_type": 15, "object_id": "3", "object_repr": "Test review", "action_flag": 1, "change_message": "[{\"added\": {}}]"}}, {"model": "admin.logentry", "pk": 105, "fields": {"action_time": "2021-04-14T08:48:58.130Z", "user": 1, "content_type": 16, "object_id": "1", "object_repr": "Narayan", "action_flag": 1, "change_message": "[{\"added\": {}}]"}}, {"model": "admin.logentry", "pk": 106, "fields": {"action_time": "2021-04-14T10:43:02.346Z", "user": 1, "content_type": 16, "object_id": "1", "object_repr": "Narayan", "action_flag": 3, "change_message": ""}}, {"model": "admin.logentry", "pk": 107, "fields": {"action_time": "2021-04-14T10:43:23.139Z", "user": 1, "content_type": 16, "object_id": "2", "object_repr": "Narayan", "action_flag": 1, "change_message": "[{\"added\": {}}]"}}, {"model": "admin.logentry", "pk": 108, "fields": {"action_time": "2021-04-14T10:44:29.686Z", "user": 1, "content_type": 16, "object_id": "2", "object_repr": "Narayan", "action_flag": 2, "change_message": "[{\"changed\": {\"fields\": [\"Profile picture\"]}}]"}}, {"model": "admin.logentry", "pk": 109, "fields": {"action_time": "2021-04-14T10:45:33.965Z", "user": 1, "content_type": 16, "object_id": "2", "object_repr": "Narayan", "action_flag": 2, "change_message": "[{\"changed\": {\"fields\": [\"Address line 2\"]}}]"}}, {"model": "admin.logentry", "pk": 110, "fields": {"action_time": "2021-04-14T10:47:01.394Z", "user": 1, "content_type": 16, "object_id": "2", "object_repr": "Narayan", "action_flag": 2, "change_message": "[{\"changed\": {\"fields\": [\"Profile picture\"]}}]"}}, {"model": "admin.logentry", "pk": 111, "fields": {"action_time": "2021-04-14T10:58:09.627Z", "user": 1, "content_type": 16, "object_id": "2", "object_repr": "Narayan", "action_flag": 2, "change_message": "[{\"changed\": {\"fields\": [\"Profile picture\"]}}]"}}, {"model": "admin.logentry", "pk": 112, "fields": {"action_time": "2021-04-14T10:58:23.912Z", "user": 1, "content_type": 16, "object_id": "2", "object_repr": "Narayan", "action_flag": 2, "change_message": "[]"}}, {"model": "admin.logentry", "pk": 113, "fields": {"action_time": "2021-04-14T10:59:10.952Z", "user": 1, "content_type": 16, "object_id": "2", "object_repr": "Narayan", "action_flag": 2, "change_message": "[{\"changed\": {\"fields\": [\"Profile picture\"]}}]"}}, {"model": "admin.logentry", "pk": 114, "fields": {"action_time": "2021-04-14T11:00:30.338Z", "user": 1, "content_type": 16, "object_id": "2", "object_repr": "Narayan", "action_flag": 2, "change_message": "[]"}}, {"model": "admin.logentry", "pk": 115, "fields": {"action_time": "2021-04-14T11:00:45.677Z", "user": 1, "content_type": 16, "object_id": "2", "object_repr": "Narayan", "action_flag": 3, "change_message": ""}}, {"model": "admin.logentry", "pk": 116, "fields": {"action_time": "2021-04-14T11:02:36.769Z", "user": 1, "content_type": 16, "object_id": "3", "object_repr": "Narayan", "action_flag": 1, "change_message": "[{\"added\": {}}]"}}, {"model": "admin.logentry", "pk": 117, "fields": {"action_time": "2021-04-14T15:06:49.044Z", "user": 1, "content_type": 16, "object_id": "3", "object_repr": "Narayan", "action_flag": 2, "change_message": "[]"}}, {"model": "admin.logentry", "pk": 118, "fields": {"action_time": "2021-04-14T18:11:56.060Z", "user": 1, "content_type": 8, "object_id": "8", "object_repr": "Mavi Jeans", "action_flag": 2, "change_message": "[{\"added\": {\"name\": \"productgallery\", \"object\": \"Mavi Jeans\"}}]"}}, {"model": "auth.permission", "pk": 1, "fields": {"name": "Can add log entry", "content_type": 1, "codename": "add_logentry"}}, {"model": "auth.permission", "pk": 2, "fields": {"name": "Can change log entry", "content_type": 1, "codename": "change_logentry"}}, {"model": "auth.permission", "pk": 3, "fields": {"name": "Can delete log entry", "content_type": 1, "codename": "delete_logentry"}}, {"model": "auth.permission", "pk": 4, "fields": {"name": "Can view log entry", "content_type": 1, "codename": "view_logentry"}}, {"model": "auth.permission", "pk": 5, "fields": {"name": "Can add permission", "content_type": 2, "codename": "add_permission"}}, {"model": "auth.permission", "pk": 6, "fields": {"name": "Can change permission", "content_type": 2, "codename": "change_permission"}}, {"model": "auth.permission", "pk": 7, "fields": {"name": "Can delete permission", "content_type": 2, "codename": "delete_permission"}}, {"model": "auth.permission", "pk": 8, "fields": {"name": "Can view permission", "content_type": 2, "codename": "view_permission"}}, {"model": "auth.permission", "pk": 9, "fields": {"name": "Can add group", "content_type": 3, "codename": "add_group"}}, {"model": "auth.permission", "pk": 10, "fields": {"name": "Can change group", "content_type": 3, "codename": "change_group"}}, {"model": "auth.permission", "pk": 11, "fields": {"name": "Can delete group", "content_type": 3, "codename": "delete_group"}}, {"model": "auth.permission", "pk": 12, "fields": {"name": "Can view group", "content_type": 3, "codename": "view_group"}}, {"model": "auth.permission", "pk": 13, "fields": {"name": "Can add content type", "content_type": 4, "codename": "add_contenttype"}}, {"model": "auth.permission", "pk": 14, "fields": {"name": "Can change content type", "content_type": 4, "codename": "change_contenttype"}}, {"model": "auth.permission", "pk": 15, "fields": {"name": "Can delete content type", "content_type": 4, "codename": "delete_contenttype"}}, {"model": "auth.permission", "pk": 16, "fields": {"name": "Can view content type", "content_type": 4, "codename": "view_contenttype"}}, {"model": "auth.permission", "pk": 17, "fields": {"name": "Can add session", "content_type": 5, "codename": "add_session"}}, {"model": "auth.permission", "pk": 18, "fields": {"name": "Can change session", "content_type": 5, "codename": "change_session"}}, {"model": "auth.permission", "pk": 19, "fields": {"name": "Can delete session", "content_type": 5, "codename": "delete_session"}}, {"model": "auth.permission", "pk": 20, "fields": {"name": "Can view session", "content_type": 5, "codename": "view_session"}}, {"model": "auth.permission", "pk": 21, "fields": {"name": "Can add account", "content_type": 6, "codename": "add_account"}}, {"model": "auth.permission", "pk": 22, "fields": {"name": "Can change account", "content_type": 6, "codename": "change_account"}}, {"model": "auth.permission", "pk": 23, "fields": {"name": "Can delete account", "content_type": 6, "codename": "delete_account"}}, {"model": "auth.permission", "pk": 24, "fields": {"name": "Can view account", "content_type": 6, "codename": "view_account"}}, {"model": "auth.permission", "pk": 25, "fields": {"name": "Can add Category", "content_type": 7, "codename": "add_category"}}, {"model": "auth.permission", "pk": 26, "fields": {"name": "Can change Category", "content_type": 7, "codename": "change_category"}}, {"model": "auth.permission", "pk": 27, "fields": {"name": "Can delete Category", "content_type": 7, "codename": "delete_category"}}, {"model": "auth.permission", "pk": 28, "fields": {"name": "Can view Category", "content_type": 7, "codename": "view_category"}}, {"model": "auth.permission", "pk": 29, "fields": {"name": "Can add product", "content_type": 8, "codename": "add_product"}}, {"model": "auth.permission", "pk": 30, "fields": {"name": "Can change product", "content_type": 8, "codename": "change_product"}}, {"model": "auth.permission", "pk": 31, "fields": {"name": "Can delete product", "content_type": 8, "codename": "delete_product"}}, {"model": "auth.permission", "pk": 32, "fields": {"name": "Can view product", "content_type": 8, "codename": "view_product"}}, {"model": "auth.permission", "pk": 33, "fields": {"name": "Can add cart item", "content_type": 9, "codename": "add_cartitem"}}, {"model": "auth.permission", "pk": 34, "fields": {"name": "Can change cart item", "content_type": 9, "codename": "change_cartitem"}}, {"model": "auth.permission", "pk": 35, "fields": {"name": "Can delete cart item", "content_type": 9, "codename": "delete_cartitem"}}, {"model": "auth.permission", "pk": 36, "fields": {"name": "Can view cart item", "content_type": 9, "codename": "view_cartitem"}}, {"model": "auth.permission", "pk": 37, "fields": {"name": "Can add cart", "content_type": 10, "codename": "add_cart"}}, {"model": "auth.permission", "pk": 38, "fields": {"name": "Can change cart", "content_type": 10, "codename": "change_cart"}}, {"model": "auth.permission", "pk": 39, "fields": {"name": "Can delete cart", "content_type": 10, "codename": "delete_cart"}}, {"model": "auth.permission", "pk": 40, "fields": {"name": "Can view cart", "content_type": 10, "codename": "view_cart"}}, {"model": "auth.permission", "pk": 41, "fields": {"name": "Can add variation", "content_type": 11, "codename": "add_variation"}}, {"model": "auth.permission", "pk": 42, "fields": {"name": "Can change variation", "content_type": 11, "codename": "change_variation"}}, {"model": "auth.permission", "pk": 43, "fields": {"name": "Can delete variation", "content_type": 11, "codename": "delete_variation"}}, {"model": "auth.permission", "pk": 44, "fields": {"name": "Can view variation", "content_type": 11, "codename": "view_variation"}}, {"model": "auth.permission", "pk": 45, "fields": {"name": "Can add payment", "content_type": 12, "codename": "add_payment"}}, {"model": "auth.permission", "pk": 46, "fields": {"name": "Can change payment", "content_type": 12, "codename": "change_payment"}}, {"model": "auth.permission", "pk": 47, "fields": {"name": "Can delete payment", "content_type": 12, "codename": "delete_payment"}}, {"model": "auth.permission", "pk": 48, "fields": {"name": "Can view payment", "content_type": 12, "codename": "view_payment"}}, {"model": "auth.permission", "pk": 49, "fields": {"name": "Can add order", "content_type": 13, "codename": "add_order"}}, {"model": "auth.permission", "pk": 50, "fields": {"name": "Can change order", "content_type": 13, "codename": "change_order"}}, {"model": "auth.permission", "pk": 51, "fields": {"name": "Can delete order", "content_type": 13, "codename": "delete_order"}}, {"model": "auth.permission", "pk": 52, "fields": {"name": "Can view order", "content_type": 13, "codename": "view_order"}}, {"model": "auth.permission", "pk": 53, "fields": {"name": "Can add order product", "content_type": 14, "codename": "add_orderproduct"}}, {"model": "auth.permission", "pk": 54, "fields": {"name": "Can change order product", "content_type": 14, "codename": "change_orderproduct"}}, {"model": "auth.permission", "pk": 55, "fields": {"name": "Can delete order product", "content_type": 14, "codename": "delete_orderproduct"}}, {"model": "auth.permission", "pk": 56, "fields": {"name": "Can view order product", "content_type": 14, "codename": "view_orderproduct"}}, {"model": "auth.permission", "pk": 57, "fields": {"name": "Can add review rating", "content_type": 15, "codename": "add_reviewrating"}}, {"model": "auth.permission", "pk": 58, "fields": {"name": "Can change review rating", "content_type": 15, "codename": "change_reviewrating"}}, {"model": "auth.permission", "pk": 59, "fields": {"name": "Can delete review rating", "content_type": 15, "codename": "delete_reviewrating"}}, {"model": "auth.permission", "pk": 60, "fields": {"name": "Can view review rating", "content_type": 15, "codename": "view_reviewrating"}}, {"model": "auth.permission", "pk": 61, "fields": {"name": "Can add user profile", "content_type": 16, "codename": "add_userprofile"}}, {"model": "auth.permission", "pk": 62, "fields": {"name": "Can change user profile", "content_type": 16, "codename": "change_userprofile"}}, {"model": "auth.permission", "pk": 63, "fields": {"name": "Can delete user profile", "content_type": 16, "codename": "delete_userprofile"}}, {"model": "auth.permission", "pk": 64, "fields": {"name": "Can view user profile", "content_type": 16, "codename": "view_userprofile"}}, {"model": "auth.permission", "pk": 65, "fields": {"name": "Can add product gallery", "content_type": 17, "codename": "add_productgallery"}}, {"model": "auth.permission", "pk": 66, "fields": {"name": "Can change product gallery", "content_type": 17, "codename": "change_productgallery"}}, {"model": "auth.permission", "pk": 67, "fields": {"name": "Can delete product gallery", "content_type": 17, "codename": "delete_productgallery"}}, {"model": "auth.permission", "pk": 68, "fields": {"name": "Can view product gallery", "content_type": 17, "codename": "view_productgallery"}}, {"model": "auth.permission", "pk": 69, "fields": {"name": "Can add login attempt", "content_type": 18, "codename": "add_loginattempt"}}, {"model": "auth.permission", "pk": 70, "fields": {"name": "Can change login attempt", "content_type": 18, "codename": "change_loginattempt"}}, {"model": "auth.permission", "pk": 71, "fields": {"name": "Can delete login attempt", "content_type": 18, "codename": "delete_loginattempt"}}, {"model": "auth.permission", "pk": 72, "fields": {"name": "Can view login attempt", "content_type": 18, "codename": "view_loginattempt"}}, {"model": "contenttypes.contenttype", "pk": 1, "fields": {"app_label": "admin", "model": "logentry"}}, {"model": "contenttypes.contenttype", "pk": 2, "fields": {"app_label": "auth", "model": "permission"}}, {"model": "contenttypes.contenttype", "pk": 3, "fields": {"app_label": "auth", "model": "group"}}, {"model": "contenttypes.contenttype", "pk": 4, "fields": {"app_label": "contenttypes", "model": "contenttype"}}, {"model": "contenttypes.contenttype", "pk": 5, "fields": {"app_label": "sessions", "model": "session"}}, {"model": "contenttypes.contenttype", "pk": 6, "fields": {"app_label": "accounts", "model": "account"}}, {"model": "contenttypes.contenttype", "pk": 7, "fields": {"app_label": "category", "model": "category"}}, {"model": "contenttypes.contenttype", "pk": 8, "fields": {"app_label": "store", "model": "product"}}, {"model": "contenttypes.contenttype", "pk": 9, "fields": {"app_label": "carts", "model": "cartitem"}}, {"model": "contenttypes.contenttype", "pk": 10, "fields": {"app_label": "carts", "model": "cart"}}, {"model": "contenttypes.contenttype", "pk": 11, "fields": {"app_label": "store", "model": "variation"}}, {"model": "contenttypes.contenttype", "pk": 12, "fields": {"app_label": "orders", "model": "payment"}}, {"model": "contenttypes.contenttype", "pk": 13, "fields": {"app_label": "orders", "model": "order"}}, {"model": "contenttypes.contenttype", "pk": 14, "fields": {"app_label": "orders", "model": "orderproduct"}}, {"model": "contenttypes.contenttype", "pk": 15, "fields": {"app_label": "store", "model": "reviewrating"}}, {"model": "contenttypes.contenttype", "pk": 16, "fields": {"app_label": "accounts", "model": "userprofile"}}, {"model": "contenttypes.contenttype", "pk": 17, "fields": {"app_label": "store", "model": "productgallery"}}, {"model": "contenttypes.contenttype", "pk": 18, "fields": {"app_label": "admin_honeypot", "model": "loginattempt"}}, {"model": "sessions.session", "pk": "7nnxqp0mqj3lkwijes6vanm8spsovzm5", "fields": {"session_data": ".eJxVjDkOwjAUBe_iGlk43inpcwbrLzYOIEeKkwpxd4iUAto3M-8lEmxrTVvPS5pYXIQSp98NgR657YDv0G6zpLmty4RyV-RBuxxnzs_r4f4dVOj1W5sQPBUXSmQmZo02KEblBojKFI3Fa2eiiQC-IOlz9IzZAmllAdQQxfsD-rM4bw:1lWZEu:AhDfwPSoiBeRyR9_gfJWh3JCExE93anLmdAV0Wo-WnY", "expire_date": "2021-04-28T06:43:04.041Z"}}, {"model": "sessions.session", "pk": "84g9txilh5m9fv37797vzotjbxx3mfkn", "fields": {"session_data": ".eJxVjDkOwjAUBe_iGlk43inpcwbrLzYOIEeKkwpxd4iUAto3M-8lEmxrTVvPS5pYXIQSp98NgR657YDv0G6zpLmty4RyV-RBuxxnzs_r4f4dVOj1W5sQPBUXSmQmZo02KEblBojKFI3Fa2eiiQC-IOlz9IzZAmllAdQQxfsD-rM4bw:1lWC1S:BnIMvuG62rxJTHnPGwg7jnLPZwgMcKQKO4f7RgkLi5w", "expire_date": "2021-04-27T05:55:38.000Z"}}, {"model": "sessions.session", "pk": "94889pmzkq5s9sijyb95ibaimq8owu90", "fields": {"session_data": ".eJxVjDkOwjAUBe_iGlk43inpcwbrLzYOIEeKkwpxd4iUAto3M-8lEmxrTVvPS5pYXIQSp98NgR657YDv0G6zpLmty4RyV-RBuxxnzs_r4f4dVOj1W5sQPBUXSmQmZo02KEblBojKFI3Fa2eiiQC-IOlz9IzZAmllAdQQxfsD-rM4bw:1lVnOS:OvRdDbRGp-Dq7oqslL6p1W_hwlOTtjX-Lp6_W-aSwKk", "expire_date": "2021-04-26T03:37:44.535Z"}}, {"model": "sessions.session", "pk": "e1wwtikpx0cf7ko76j6ete9aracofp8s", "fields": {"session_data": "eyJfc2Vzc2lvbl9pbml0X3RpbWVzdGFtcF8iOjE2MTg3NDEzNDEuOTAyNTE3Nn0:1lY4ZK:yPc_tJxGTxz2BaGVnwXNQu-crcCihV2OQedfnZNJ1Bo", "expire_date": "2021-05-02T10:22:22.321Z"}}, {"model": "sessions.session", "pk": "hydr0wqgghqmvk7r84h8dnohhpf6rsop", "fields": {"session_data": ".eJxVjMsOwiAUBf-FtSFQKI8u3fsN5MIFi1owha6M_65Nuun2zMz5ENdia7kWl0vurucltg7L25GJK26ZVowN1BozCqkvxMHWZ7e1uLqMZCKcnDYP4RnLDvAB5V5pqKWv2dNdoQdt9FYxvq6HezqYoc3_WhqjQ1ImWcSAKPxoOHquBrBcJuGTFkpaaQF08kEwq9HHEYLgIwAfLPn-AB7QRss:1lZTd5:xgBLJlI0whAxmc5rvZ_Q_KIrksp_kKiGMD3Muwb8Kr0", "expire_date": "2021-05-06T07:20:03.015Z"}}, {"model": "sessions.session", "pk": "i9fj9iqa6eacnl4tpewps2grglgsudpy", "fields": {"session_data": ".eJxVjDsOwyAQBe9CHaGswXxcps8Z0MJCTD4QGVxFuXtiyY3bNzPvw1yLreVaXC65u55fsXV8vR2bQIExwyi14MroAYQ-MYdrn93a4uIysYkBO2wewyOWDdAdy63yUEtfsuebwnfa-LVSfF5293AwY5v_tTRGh6RMskSBSPjRAHlQA1qQSfikhZJWWkSdfBBnq8nHEYOAEREGy74_ITJGzg:1lYQSH:paGpmOy-bu7tGJ2rqLTbMxBKAD8YXeCKj2rRpx93fZw", "expire_date": "2021-05-03T09:44:33.714Z"}}, {"model": "sessions.session", "pk": "miccsrd4x0yhy8allapkwmkor1ben9f4", "fields": {"session_data": "e30:1lVXla:YS0-VmPUsHtaMewdyUnBSmgZfDwTmXw_MwECJNQHMKU", "expire_date": "2021-04-25T10:56:34.149Z"}}, {"model": "sessions.session", "pk": "sz5up319s5j9c5jcng0pzotl68lu28zm", "fields": {"session_data": ".eJxVjMEOgjAQRP-lZ9N0KUu3Hr3zDU3ZbQU1JaFwMv67kHDQZE7z3sxbhbitY9hqWsIk6qpAXX67IfIzlQPII5b7rHku6zIN-lD0SavuZ0mv2-n-HYyxjvvaOIeZfNOyZUQPnhs2ESztIcm-6wZylnyLCbNQi8BCkCE5Y6XzoD5fsgQ2qQ:1lSYJe:gavHEpXT_zsrAaL2aXvp395xeNSdkim5Wk0gHHTug8M", "expire_date": "2021-04-17T04:55:22.080Z"}}, {"model": "sessions.session", "pk": "u3s690qa6mhstdrij5im03912agx8t6m", "fields": {"session_data": ".eJxVjMsOwiAUBf-FtSHlWejSvd9ALlywqAVT6Mr479qkm27PzJwPcS22lmtxueTuel5i67C8HZmYZsZwxQdFlbVcDuZCHGx9dluLq8tIJsLIafMQnrHsAB9Q7pWGWvqaPd0VetBGbxXj63q4p4MZ2vyvpTFjSNokixgQhVeGoWeag2UyCZ9GoaWVFmBMPojBjuijgiCYAmDcku8PHklGyg:1lYQNy:rU6_Z1E7qiRI9_rsENZyU-06-qDeIuwMnKHd_PuWSLs", "expire_date": "2021-05-03T09:40:06.782Z"}}, {"model": "sessions.session", "pk": "ubmasiw8dcaswp96hvnb3nvvapwq6p2t", "fields": {"session_data": ".eJxVjDkOwjAUBe_iGlk43inpcwbrLzYOIEeKkwpxd4iUAto3M-8lEmxrTVvPS5pYXIQSp98NgR657YDv0G6zpLmty4RyV-RBuxxnzs_r4f4dVOj1W5sQPBUXSmQmZo02KEblBojKFI3Fa2eiiQC-IOlz9IzZAmllAdQQxfsD-rM4bw:1lWs7s:L1fZah-pZK4wE1uz8jXfy3i3neGEVrprNBndwWCDXZA", "expire_date": "2021-04-29T02:53:04.784Z"}}, {"model": "sessions.session", "pk": "ydzfoiove6h9x22dnli76cxoduwitj4l", "fields": {"session_data": "e30:1lUTGN:Er8YKa35ezm5codXHwJRl3a9ztq-B4mkOIylgaKsljQ", "expire_date": "2021-04-22T11:55:55.744Z"}}, {"model": "accounts.account", "pk": 1, "fields": {"password": "pbkdf2_sha256$260000$YefUBRwJKvStnLZzhqLZm1$DG9PXsI/O91VqIgccHflrtOXescivJpGgeYNRZATFWw=", "first_name": "Narayan", "last_name": "Maity", "username": "DJadmin", "email": "narayanmaitysp@gmail.com", "phone_number": "", "date_joined": "2021-04-03T04:44:43.843Z", "last_login": "2021-04-22T07:20:02.510Z", "is_admin": true, "is_staff": true, "is_active": true, "is_superadmin": true}}, {"model": "accounts.account", "pk": 2, "fields": {"password": "pbkdf2_sha256$260000$5H6q1jjFOFalTtwg8T47j9$WZtZWP+6LEQMNfaehZ/2V2wgKDniMJqfPDpzX0KQBjI=", "first_name": "John", "last_name": "Doe", "username": "john.doe", "email": "john.doe@gmail.com", "phone_number": "1234567890", "date_joined": "2021-04-11T04:22:15.272Z", "last_login": "2021-04-11T04:22:15.272Z", "is_admin": false, "is_staff": false, "is_active": true, "is_superadmin": false}}, {"model": "accounts.account", "pk": 4, "fields": {"password": "pbkdf2_sha256$260000$h2f1uiPYe6pYdSrBPfSRKL$mwZi1/Pm1eos+OMtFWukGgMVRg+ujU6cNlbKC3wurNA=", "first_name": "Johnny", "last_name": "Sins", "username": "sins.johnny", "email": "sins.johnny@gmail.com", "phone_number": "1234567890", "date_joined": "2021-04-11T05:00:03.077Z", "last_login": "2021-04-11T05:00:03.077Z", "is_admin": false, "is_staff": false, "is_active": true, "is_superadmin": false}}, {"model": "accounts.account", "pk": 5, "fields": {"password": "pbkdf2_sha256$260000$MTP7UVHTI31G2HyFSiVwsw$2kkowrY5/ATg0LO5W0SbflVwvuFePrSh97lsNhPK7dE=", "first_name": "Johnny", "last_name": "Doe", "username": "doe.johnny", "email": "doe.johnny@gmail.com", "phone_number": "1234567890", "date_joined": "2021-04-11T05:25:47.830Z", "last_login": "2021-04-11T05:25:47.830Z", "is_admin": false, "is_staff": false, "is_active": true, "is_superadmin": false}}, {"model": "accounts.account", "pk": 7, "fields": {"password": "pbkdf2_sha256$260000$Z7Iw83BbnjBRtkVLq4rcHc$1M1o9EYSxN9A/+Os39BsJKgMwY7kYhbodWgVts4kdiQ=", "first_name": "Narayan", "last_name": "Maity", "username": "narayanmaitysp1997", "email": "narayanmaitysp1997@gmail.com", "phone_number": "1234567890", "date_joined": "2021-04-11T10:17:42.071Z", "last_login": "2021-04-18T14:37:49.196Z", "is_admin": false, "is_staff": false, "is_active": true, "is_superadmin": false}}, {"model": "accounts.account", "pk": 8, "fields": {"password": "pbkdf2_sha256$260000$pDTPnyecCVf6eq8e4dH0lC$Faq3FJQSujDIpzKn7Co4jswRkMDhdK+U/0UYIJmIQWs=", "first_name": "nans", "last_name": "matty", "username": "nansmatty", "email": "nansmatty97@gmail.com", "phone_number": "", "date_joined": "2021-04-18T10:24:52.492Z", "last_login": "2021-04-18T10:24:52.492Z", "is_admin": true, "is_staff": true, "is_active": true, "is_superadmin": true}}, {"model": "accounts.userprofile", "pk": 3, "fields": {"user": 7, "address_line_1": "31, FLOOR-3, PLOT - 005/7, PACHIBAI BUILDING VITHOBA LANE, VITTHALWADI, KALBADEVI", "address_line_2": "MAHARASTRA", "profile_picture": "userprofile/avatar2.jpg", "city": "MUMBAI", "state": "MAHARASHTRA", "country": "India"}}, {"model": "category.category", "pk": 1, "fields": {"category_name": "Shirts", "slug": "shirts", "description": "", "cat_image": "photos/categories/shirts.jpg"}}, {"model": "category.category", "pk": 2, "fields": {"category_name": "Jeans", "slug": "jeans", "description": "", "cat_image": "photos/categories/jeans.jpg"}}, {"model": "category.category", "pk": 3, "fields": {"category_name": "Jackets", "slug": "jackets", "description": "", "cat_image": "photos/categories/jackets.jpg"}}, {"model": "category.category", "pk": 4, "fields": {"category_name": "Shoes", "slug": "shoes", "description": "", "cat_image": "photos/categories/shoes.png"}}, {"model": "category.category", "pk": 5, "fields": {"category_name": "T-shirts", "slug": "t-shirts", "description": "", "cat_image": "photos/categories/tshirts.jpg"}}, {"model": "store.product", "pk": 1, "fields": {"product_name": "ATX-Jeans", "slug": "atx-jeans", "description": "Lorem Ipsum is simply dummied text of the printing and typesetting industry. Lorem Ipsum has been the industry's standard dummy text ever since the 1500s when an unknown printer took a galley of type and scrambled it to make a type specimen book. It has survived not only five centuries, but also the leap into electronic typesetting, remaining essentially unchanged.", "price": 199, "image": "photos/products/ATX-Jeans.jpg", "stock": 85, "is_available": true, "category": 2, "created_date": "2021-04-03T09:37:36.349Z", "modified_date": "2021-04-19T09:44:33.253Z"}}, {"model": "store.product", "pk": 2, "fields": {"product_name": "Blue-Shirt", "slug": "blue-shirt", "description": "Lorem Ipsum is simply dummied text of the printing and typesetting industry. Lorem Ipsum has been the industry's standard dummy text ever since the 1500s when an unknown printer took a galley of type and scrambled it to make a type specimen book. It has survived not only five centuries, but also the leap into electronic typesetting, remaining essentially unchanged.", "price": 170, "image": "photos/products/Blue-Shirt.jpg", "stock": 89, "is_available": true, "category": 1, "created_date": "2021-04-03T09:39:04.086Z", "modified_date": "2021-04-03T09:39:04.086Z"}}, {"model": "store.product", "pk": 3, "fields": {"product_name": "Great T-shirt", "slug": "great-t-shirt", "description": "Lorem Ipsum is simply dummied text of the printing and typesetting industry. Lorem Ipsum has been the industry's standard dummy text ever since the 1500s when an unknown printer took a galley of type and scrambled it to make a type specimen book. It has survived not only five centuries, but also the leap into electronic typesetting, remaining essentially unchanged.", "price": 149, "image": "photos/products/Great-Tshirt.jpg", "stock": 75, "is_available": true, "category": 5, "created_date": "2021-04-03T09:40:22.288Z", "modified_date": "2021-04-03T09:40:22.288Z"}}, {"model": "store.product", "pk": 4, "fields": {"product_name": "Polo Jacket", "slug": "polo-jacket", "description": "Lorem Ipsum is simply dummied text of the printing and typesetting industry. Lorem Ipsum has been the industry's standard dummy text ever since the 1500s when an unknown printer took a galley of type and scrambled it to make a type specimen book. It has survived not only five centuries, but also the leap into electronic typesetting, remaining essentially unchanged.", "price": 249, "image": "photos/products/US-Polo-Assn_Jacket.jpg", "stock": 53, "is_available": true, "category": 3, "created_date": "2021-04-03T09:41:49.631Z", "modified_date": "2021-04-03T09:41:49.631Z"}}, {"model": "store.product", "pk": 5, "fields": {"product_name": "Puma Ferrari Shoes", "slug": "puma-ferrari-shoes", "description": "Lorem Ipsum is simply dummied text of the printing and typesetting industry. Lorem Ipsum has been the industry's standard dummy text ever since the 1500s when an unknown printer took a galley of type and scrambled it to make a type specimen book. It has survived not only five centuries, but also the leap into electronic typesetting, remaining essentially unchanged.", "price": 299, "image": "photos/products/Puma-Ferrari-Shoes.jpg", "stock": 38, "is_available": true, "category": 4, "created_date": "2021-04-03T09:42:59.015Z", "modified_date": "2021-04-03T09:42:59.015Z"}}, {"model": "store.product", "pk": 6, "fields": {"product_name": "Wrangler Shirt", "slug": "wrangler-shirt", "description": "Lorem Ipsum is simply dummied text of the printing and typesetting industry. Lorem Ipsum has been the industry's standard dummy text ever since the 1500s when an unknown printer took a galley of type and scrambled it to make a type specimen book. It has survived not only five centuries, but also the leap into electronic typesetting, remaining essentially unchanged.", "price": 129, "image": "photos/products/Wrangler-Shirt.jpg", "stock": 8, "is_available": true, "category": 1, "created_date": "2021-04-03T09:43:48.969Z", "modified_date": "2021-04-18T14:38:48.792Z"}}, {"model": "store.product", "pk": 7, "fields": {"product_name": "Jordan True Basket Ball Shoes", "slug": "jordan-true-basket-ball-shoes", "description": "Lorem Ipsum is simply dummied text of the printing and typesetting industry. Lorem Ipsum has been the industry's standard dummy text ever since the 1500s when an unknown printer took a galley of type and scrambled it to make a type specimen book. It has survived not only five centuries, but also the leap into electronic typesetting, remaining essentially unchanged.", "price": 349, "image": "photos/products/jordan-true-flight-basketball-shoes.jpg", "stock": 20, "is_available": true, "category": 4, "created_date": "2021-04-03T09:45:08.592Z", "modified_date": "2021-04-03T09:45:08.592Z"}}, {"model": "store.product", "pk": 8, "fields": {"product_name": "Mavi Jeans", "slug": "mavi-jeans", "description": "Lorem Ipsum is simply dummied text of the printing and typesetting industry. Lorem Ipsum has been the industry's standard dummy text ever since the 1500s when an unknown printer took a galley of type and scrambled it to make a type specimen book. It has survived not only five centuries, but also the leap into electronic typesetting, remaining essentially unchanged.", "price": 139, "image": "photos/products/Mavi_jeans.jpg", "stock": 150, "is_available": true, "category": 2, "created_date": "2021-04-03T09:45:56.236Z", "modified_date": "2021-04-14T18:11:55.949Z"}}, {"model": "store.variation", "pk": 10, "fields": {"product": 1, "variation_category": "color", "variation_value": "Blue", "is_active": true, "created_date": "2021-04-09T04:44:21.046Z"}}, {"model": "store.variation", "pk": 11, "fields": {"product": 1, "variation_category": "color", "variation_value": "Red", "is_active": true, "created_date": "2021-04-09T04:44:37.158Z"}}, {"model": "store.variation", "pk": 12, "fields": {"product": 1, "variation_category": "color", "variation_value": "Light-Blue", "is_active": true, "created_date": "2021-04-09T04:44:49.791Z"}}, {"model": "store.variation", "pk": 13, "fields": {"product": 1, "variation_category": "size", "variation_value": "Small", "is_active": true, "created_date": "2021-04-09T04:45:09.546Z"}}, {"model": "store.variation", "pk": 14, "fields": {"product": 1, "variation_category": "size", "variation_value": "Medium", "is_active": true, "created_date": "2021-04-09T04:45:21.597Z"}}, {"model": "store.variation", "pk": 15, "fields": {"product": 1, "variation_category": "size", "variation_value": "Large", "is_active": true, "created_date": "2021-04-09T04:45:33.379Z"}}, {"model": "store.variation", "pk": 16, "fields": {"product": 6, "variation_category": "color", "variation_value": "Red", "is_active": true, "created_date": "2021-04-09T04:46:13.268Z"}}, {"model": "store.variation", "pk": 17, "fields": {"product": 6, "variation_category": "color", "variation_value": "Light-blue", "is_active": true, "created_date": "2021-04-09T04:47:01.646Z"}}, {"model": "store.variation", "pk": 18, "fields": {"product": 6, "variation_category": "color", "variation_value": "Blue", "is_active": true, "created_date": "2021-04-09T04:47:22.715Z"}}, {"model": "store.variation", "pk": 19, "fields": {"product": 6, "variation_category": "size", "variation_value": "Small", "is_active": true, "created_date": "2021-04-09T04:47:39.036Z"}}, {"model": "store.variation", "pk": 20, "fields": {"product": 6, "variation_category": "size", "variation_value": "Medium", "is_active": true, "created_date": "2021-04-09T04:47:48.311Z"}}, {"model": "store.variation", "pk": 21, "fields": {"product": 6, "variation_category": "size", "variation_value": "Large", "is_active": true, "created_date": "2021-04-09T04:48:01.389Z"}}, {"model": "store.reviewrating", "pk": 1, "fields": {"product": 1, "user": 7, "subject": "An Update", "review": "", "rating": 4.5, "ip": "127.0.0.1", "status": true, "created_date": "2021-04-13T11:55:44.282Z", "updated_at": "2021-04-13T12:28:30.138Z"}}, {"model": "store.reviewrating", "pk": 2, "fields": {"product": 1, "user": 5, "subject": "This jeans is nice", "review": "Test review", "rating": 4.5, "ip": "127.0.0.1", "status": true, "created_date": "2021-04-13T12:30:08.450Z", "updated_at": "2021-04-13T12:30:08.450Z"}}, {"model": "store.reviewrating", "pk": 3, "fields": {"product": 1, "user": 4, "subject": "Test review", "review": "test", "rating": 3.5, "ip": "127.0.0.1", "status": true, "created_date": "2021-04-13T12:30:48.976Z", "updated_at": "2021-04-13T12:30:48.976Z"}}, {"model": "store.productgallery", "pk": 1, "fields": {"product": 8, "image": "store/products/3.jpg"}}, {"model": "carts.cart", "pk": 6, "fields": {"cart_id": "wpg3hslc7lia86gekemvnq2xx2upr90j", "date_added": "2021-04-12"}}, {"model": "carts.cart", "pk": 7, "fields": {"cart_id": "op1wtn7dl061uhlx9n4pg1v4uhnvvguf", "date_added": "2021-04-12"}}, {"model": "carts.cart", "pk": 8, "fields": {"cart_id": "e7hr0gybztexh8645r6brqpowd3biipl", "date_added": "2021-04-19"}}, {"model": "carts.cartitem", "pk": 63, "fields": {"user": null, "product": 1, "cart": 7, "quantity": 1, "is_active": true, "variations": [10, 14]}}, {"model": "orders.payment", "pk": 1, "fields": {"user": 7, "payment_id": "1AX65009R4669011E", "payment_method": "PayPal", "amount_paid": "608.94", "status": "COMPLETED", "created_at": "2021-04-13T05:57:35.230Z"}}, {"model": "orders.payment", "pk": 2, "fields": {"user": 7, "payment_id": "4YP64814GK098105A", "payment_method": "PayPal", "amount_paid": "608.94", "status": "COMPLETED", "created_at": "2021-04-13T07:12:43.027Z"}}, {"model": "orders.payment", "pk": 3, "fields": {"user": 7, "payment_id": "331997460S0948705", "payment_method": "PayPal", "amount_paid": "608.94", "status": "COMPLETED", "created_at": "2021-04-13T07:20:57.942Z"}}, {"model": "orders.payment", "pk": 4, "fields": {"user": 7, "payment_id": "1LG166175D857221X", "payment_method": "PayPal", "amount_paid": "1409.64", "status": "COMPLETED", "created_at": "2021-04-13T07:25:49.893Z"}}, {"model": "orders.payment", "pk": 5, "fields": {"user": 7, "payment_id": "3X867754NN7853123", "payment_method": "PayPal", "amount_paid": "669.12", "status": "COMPLETED", "created_at": "2021-04-13T09:41:49.952Z"}}, {"model": "orders.payment", "pk": 6, "fields": {"user": 7, "payment_id": "7HH72354M3822414T", "payment_method": "PayPal", "amount_paid": "263.16", "status": "COMPLETED", "created_at": "2021-04-13T09:56:54.922Z"}}, {"model": "orders.payment", "pk": 7, "fields": {"user": 7, "payment_id": "3SN53578P7991162X", "payment_method": "PayPal", "amount_paid": "202.98", "status": "COMPLETED", "created_at": "2021-04-13T10:08:17.584Z"}}, {"model": "orders.payment", "pk": 8, "fields": {"user": 7, "payment_id": "4UX175705H331744Y", "payment_method": "PayPal", "amount_paid": "405.96", "status": "COMPLETED", "created_at": "2021-04-13T10:09:25.780Z"}}, {"model": "orders.payment", "pk": 9, "fields": {"user": 7, "payment_id": "47D49286KU2547256", "payment_method": "PayPal", "amount_paid": "263.16", "status": "COMPLETED", "created_at": "2021-04-14T16:42:56.833Z"}}, {"model": "orders.payment", "pk": 10, "fields": {"user": 7, "payment_id": "9TD66674C1779151E", "payment_method": "PayPal", "amount_paid": "263.16", "status": "COMPLETED", "created_at": "2021-04-18T14:38:47.640Z"}}, {"model": "orders.payment", "pk": 11, "fields": {"user": 1, "payment_id": "50D69790BA908434M", "payment_method": "PayPal", "amount_paid": "405.96", "status": "COMPLETED", "created_at": "2021-04-19T09:44:31.780Z"}}, {"model": "orders.order", "pk": 2, "fields": {"user": 7, "payment": null, "order_number": "202104122", "first_name": "Narayan", "last_name": "Maity", "email": "narayanmaitysp1997@gmail.com", "phone": "", "address_line_1": "31, FLOOR-3, PLOT - 005/7, PACHIBAI BUILDING VITHOBA LANE, VITTHALWADI, KALBADEVI", "address_line_2": "", "country": "INDIA", "state": "MAHARASHTRA", "city": "MUMBAI", "order_note": "TEST NOTE 2", "order_total": 608.94, "tax": 11.94, "status": "New", "ip": "127.0.0.1", "is_ordered": false, "created_at": "2021-04-12T11:12:55.934Z", "updated_at": "2021-04-12T11:12:56.372Z"}}, {"model": "orders.order", "pk": 3, "fields": {"user": 7, "payment": null, "order_number": "202104123", "first_name": "Narayan", "last_name": "Maity", "email": "narayanmaitysp1997@gmail.com", "phone": "", "address_line_1": "31, FLOOR-3, PLOT - 005/7, PACHIBAI BUILDING VITHOBA LANE, VITTHALWADI, KALBADEVI", "address_line_2": "", "country": "INDIA", "state": "MAHARASHTRA", "city": "MUMBAI", "order_note": "", "order_total": 608.94, "tax": 11.94, "status": "New", "ip": "127.0.0.1", "is_ordered": false, "created_at": "2021-04-12T12:14:12.503Z", "updated_at": "2021-04-12T12:14:12.823Z"}}, {"model": "orders.order", "pk": 4, "fields": {"user": 7, "payment": null, "order_number": "202104124", "first_name": "Narayan", "last_name": "Maity", "email": "narayanmaitysp1997@gmail.com", "phone": "", "address_line_1": "31, FLOOR-3, PLOT - 005/7, PACHIBAI BUILDING VITHOBA LANE, VITTHALWADI, KALBADEVI", "address_line_2": "", "country": "INDIA", "state": "MAHARASHTRA", "city": "MUMBAI", "order_note": "", "order_total": 608.94, "tax": 11.94, "status": "New", "ip": "127.0.0.1", "is_ordered": false, "created_at": "2021-04-12T12:15:49.208Z", "updated_at": "2021-04-12T12:15:49.457Z"}}, {"model": "orders.order", "pk": 5, "fields": {"user": 7, "payment": null, "order_number": "202104125", "first_name": "Narayan", "last_name": "Maity", "email": "narayanmaitysp1997@gmail.com", "phone": "", "address_line_1": "31, FLOOR-3, PLOT - 005/7, PACHIBAI BUILDING VITHOBA LANE, VITTHALWADI, KALBADEVI", "address_line_2": "", "country": "INDIA", "state": "MAHARASHTRA", "city": "MUMBAI", "order_note": "", "order_total": 608.94, "tax": 11.94, "status": "New", "ip": "127.0.0.1", "is_ordered": false, "created_at": "2021-04-12T12:17:03.316Z", "updated_at": "2021-04-12T12:17:03.616Z"}}, {"model": "orders.order", "pk": 6, "fields": {"user": 7, "payment": null, "order_number": "202104126", "first_name": "Narayan", "last_name": "Maity", "email": "narayanmaitysp1997@gmail.com", "phone": "1234567890", "address_line_1": "31, FLOOR-3, PLOT - 005/7, PACHIBAI BUILDING VITHOBA LANE, VITTHALWADI, KALBADEVI", "address_line_2": "", "country": "INDIA", "state": "MAHARASHTRA", "city": "MUMBAI", "order_note": "", "order_total": 608.94, "tax": 11.94, "status": "New", "ip": "127.0.0.1", "is_ordered": false, "created_at": "2021-04-12T12:19:03.589Z", "updated_at": "2021-04-12T12:19:04.496Z"}}, {"model": "orders.order", "pk": 7, "fields": {"user": 7, "payment": null, "order_number": "202104137", "first_name": "Johnny", "last_name": "Sins", "email": "narayanmaitysp1997@gmail.com", "phone": "1234567890", "address_line_1": "Village - Dhaldanga, Post - Marokhana, District- Hooghly", "address_line_2": "", "country": "INDIA", "state": "West Bengal", "city": "Khanakul", "order_note": "", "order_total": 608.94, "tax": 11.94, "status": "New", "ip": "127.0.0.1", "is_ordered": false, "created_at": "2021-04-13T02:54:16.252Z", "updated_at": "2021-04-13T02:54:17.231Z"}}, {"model": "orders.order", "pk": 8, "fields": {"user": 7, "payment": null, "order_number": "202104138", "first_name": "Johnny", "last_name": "Sins", "email": "narayanmaitysp1997@gmail.com", "phone": "1234567890", "address_line_1": "Village - Dhaldanga, Post - Marokhana, District- Hooghly", "address_line_2": "", "country": "INDIA", "state": "West Bengal", "city": "Khanakul", "order_note": "", "order_total": 608.94, "tax": 11.94, "status": "New", "ip": "127.0.0.1", "is_ordered": false, "created_at": "2021-04-13T02:54:29.196Z", "updated_at": "2021-04-13T02:54:29.464Z"}}, {"model": "orders.order", "pk": 9, "fields": {"user": 7, "payment": null, "order_number": "202104139", "first_name": "Johnny", "last_name": "Sins", "email": "narayanmaitysp1997@gmail.com", "phone": "1234567890", "address_line_1": "Village - Dhaldanga, Post - Marokhana, District- Hooghly", "address_line_2": "", "country": "INDIA", "state": "West Bengal", "city": "Khanakul", "order_note": "", "order_total": 608.94, "tax": 11.94, "status": "New", "ip": "127.0.0.1", "is_ordered": false, "created_at": "2021-04-13T02:54:37.604Z", "updated_at": "2021-04-13T02:54:37.836Z"}}, {"model": "orders.order", "pk": 10, "fields": {"user": 7, "payment": null, "order_number": "2021041310", "first_name": "Johnny", "last_name": "Sins", "email": "narayanmaitysp1997@gmail.com", "phone": "1234567890", "address_line_1": "Village - Dhaldanga, Post - Marokhana, District- Hooghly", "address_line_2": "", "country": "INDIA", "state": "West Bengal", "city": "Khanakul", "order_note": "", "order_total": 608.94, "tax": 11.94, "status": "New", "ip": "127.0.0.1", "is_ordered": false, "created_at": "2021-04-13T02:56:15.876Z", "updated_at": "2021-04-13T02:56:16.256Z"}}, {"model": "orders.order", "pk": 11, "fields": {"user": 7, "payment": null, "order_number": "2021041311", "first_name": "Johnny", "last_name": "Sins", "email": "narayanmaitysp1997@gmail.com", "phone": "1234567890", "address_line_1": "Village - Dhaldanga, Post - Marokhana, District- Hooghly", "address_line_2": "", "country": "INDIA", "state": "West Bengal", "city": "Khanakul", "order_note": "", "order_total": 608.94, "tax": 11.94, "status": "New", "ip": "127.0.0.1", "is_ordered": false, "created_at": "2021-04-13T02:56:22.047Z", "updated_at": "2021-04-13T02:56:22.287Z"}}, {"model": "orders.order", "pk": 12, "fields": {"user": 7, "payment": null, "order_number": "2021041312", "first_name": "Johnny", "last_name": "Sins", "email": "narayanmaitysp1997@gmail.com", "phone": "1234567890", "address_line_1": "Village - Dhaldanga, Post - Marokhana, District- Hooghly", "address_line_2": "", "country": "INDIA", "state": "West Bengal", "city": "Khanakul", "order_note": "", "order_total": 608.94, "tax": 11.94, "status": "New", "ip": "127.0.0.1", "is_ordered": false, "created_at": "2021-04-13T02:57:23.824Z", "updated_at": "2021-04-13T02:57:24.394Z"}}, {"model": "orders.order", "pk": 13, "fields": {"user": 7, "payment": null, "order_number": "2021041313", "first_name": "Johnny", "last_name": "Sins", "email": "narayanmaitysp1997@gmail.com", "phone": "1234567890", "address_line_1": "Village - Dhaldanga, Post - Marokhana, District- Hooghly", "address_line_2": "", "country": "INDIA", "state": "West Bengal", "city": "Khanakul", "order_note": "", "order_total": 608.94, "tax": 11.94, "status": "New", "ip": "127.0.0.1", "is_ordered": false, "created_at": "2021-04-13T03:00:08.822Z", "updated_at": "2021-04-13T03:00:09.230Z"}}, {"model": "orders.order", "pk": 14, "fields": {"user": 7, "payment": null, "order_number": "2021041314", "first_name": "Johnny", "last_name": "Sins", "email": "narayanmaitysp1997@gmail.com", "phone": "1234567890", "address_line_1": "Village - Dhaldanga, Post - Marokhana, District- Hooghly", "address_line_2": "", "country": "INDIA", "state": "West Bengal", "city": "Khanakul", "order_note": "", "order_total": 608.94, "tax": 11.94, "status": "New", "ip": "127.0.0.1", "is_ordered": false, "created_at": "2021-04-13T03:05:53.282Z", "updated_at": "2021-04-13T03:05:53.592Z"}}, {"model": "orders.order", "pk": 15, "fields": {"user": 7, "payment": null, "order_number": "2021041315", "first_name": "John", "last_name": "Doe", "email": "john.doe@gmail.com", "phone": "1234567890", "address_line_1": "Village - Dhaldanga, Post - Marokhana, District- Hooghly", "address_line_2": "", "country": "INDIA", "state": "West Bengal", "city": "Khanakul", "order_note": "", "order_total": 608.94, "tax": 11.94, "status": "New", "ip": "127.0.0.1", "is_ordered": false, "created_at": "2021-04-13T03:28:46.855Z", "updated_at": "2021-04-13T03:28:47.478Z"}}, {"model": "orders.order", "pk": 16, "fields": {"user": 7, "payment": null, "order_number": "2021041316", "first_name": "John", "last_name": "Doe", "email": "john.doe@gmail.com", "phone": "1234567890", "address_line_1": "Village - Dhaldanga, Post - Marokhana, District- Hooghly", "address_line_2": "", "country": "INDIA", "state": "West Bengal", "city": "Khanakul", "order_note": "", "order_total": 608.94, "tax": 11.94, "status": "New", "ip": "127.0.0.1", "is_ordered": false, "created_at": "2021-04-13T03:29:02.563Z", "updated_at": "2021-04-13T03:29:02.873Z"}}, {"model": "orders.order", "pk": 17, "fields": {"user": 7, "payment": null, "order_number": "2021041317", "first_name": "John", "last_name": "Doe", "email": "john.doe@gmail.com", "phone": "1234567890", "address_line_1": "Village - Dhaldanga, Post - Marokhana, District- Hooghly", "address_line_2": "", "country": "INDIA", "state": "West Bengal", "city": "Khanakul", "order_note": "", "order_total": 608.94, "tax": 11.94, "status": "New", "ip": "127.0.0.1", "is_ordered": false, "created_at": "2021-04-13T03:29:20.267Z", "updated_at": "2021-04-13T03:29:20.658Z"}}, {"model": "orders.order", "pk": 18, "fields": {"user": 7, "payment": null, "order_number": "2021041318", "first_name": "John", "last_name": "Doe", "email": "john.doe@gmail.com", "phone": "1234567890", "address_line_1": "Village - Dhaldanga, Post - Marokhana, District- Hooghly", "address_line_2": "", "country": "INDIA", "state": "West Bengal", "city": "Khanakul", "order_note": "", "order_total": 608.94, "tax": 11.94, "status": "New", "ip": "127.0.0.1", "is_ordered": false, "created_at": "2021-04-13T03:35:26.189Z", "updated_at": "2021-04-13T03:35:26.993Z"}}, {"model": "orders.order", "pk": 19, "fields": {"user": 7, "payment": null, "order_number": "2021041319", "first_name": "Johnny", "last_name": "Sins", "email": "narayanmaitysp1997@gmail.com", "phone": "1234567890", "address_line_1": "Village - Dhaldanga, Post - Marokhana, District- Hooghly", "address_line_2": "", "country": "INDIA", "state": "West Bengal", "city": "Khanakul", "order_note": "", "order_total": 608.94, "tax": 11.94, "status": "New", "ip": "127.0.0.1", "is_ordered": false, "created_at": "2021-04-13T03:37:09.349Z", "updated_at": "2021-04-13T03:37:10.013Z"}}, {"model": "orders.order", "pk": 20, "fields": {"user": 7, "payment": null, "order_number": "2021041320", "first_name": "Johnny", "last_name": "Sins", "email": "narayanmaitysp1997@gmail.com", "phone": "1234567890", "address_line_1": "Village - Dhaldanga, Post - Marokhana, District- Hooghly", "address_line_2": "", "country": "INDIA", "state": "West Bengal", "city": "Khanakul", "order_note": "", "order_total": 608.94, "tax": 11.94, "status": "New", "ip": "127.0.0.1", "is_ordered": false, "created_at": "2021-04-13T03:38:37.060Z", "updated_at": "2021-04-13T03:38:37.513Z"}}, {"model": "orders.order", "pk": 21, "fields": {"user": 7, "payment": null, "order_number": "2021041321", "first_name": "Johnny", "last_name": "Sins", "email": "narayanmaitysp1997@gmail.com", "phone": "1234567890", "address_line_1": "Village - Dhaldanga, Post - Marokhana, District- Hooghly", "address_line_2": "", "country": "INDIA", "state": "West Bengal", "city": "Khanakul", "order_note": "", "order_total": 608.94, "tax": 11.94, "status": "New", "ip": "127.0.0.1", "is_ordered": false, "created_at": "2021-04-13T03:39:32.233Z", "updated_at": "2021-04-13T03:39:32.721Z"}}, {"model": "orders.order", "pk": 22, "fields": {"user": 7, "payment": null, "order_number": "2021041322", "first_name": "Johnny", "last_name": "Sins", "email": "narayanmaitysp1997@gmail.com", "phone": "1234567890", "address_line_1": "Village - Dhaldanga, Post - Marokhana, District- Hooghly", "address_line_2": "", "country": "INDIA", "state": "West Bengal", "city": "Khanakul", "order_note": "", "order_total": 608.94, "tax": 11.94, "status": "New", "ip": "127.0.0.1", "is_ordered": false, "created_at": "2021-04-13T03:41:06.931Z", "updated_at": "2021-04-13T03:41:07.739Z"}}, {"model": "orders.order", "pk": 23, "fields": {"user": 7, "payment": null, "order_number": "2021041323", "first_name": "Johnny", "last_name": "Sins", "email": "narayanmaitysp1997@gmail.com", "phone": "1234567890", "address_line_1": "Village - Dhaldanga, Post - Marokhana, District- Hooghly", "address_line_2": "", "country": "INDIA", "state": "West Bengal", "city": "Khanakul", "order_note": "", "order_total": 608.94, "tax": 11.94, "status": "New", "ip": "127.0.0.1", "is_ordered": false, "created_at": "2021-04-13T05:53:38.221Z", "updated_at": "2021-04-13T05:53:39.147Z"}}, {"model": "orders.order", "pk": 24, "fields": {"user": 7, "payment": 1, "order_number": "2021041324", "first_name": "Johnny", "last_name": "Sins", "email": "narayanmaitysp1997@gmail.com", "phone": "1234567890", "address_line_1": "Village - Dhaldanga, Post - Marokhana, District- Hooghly", "address_line_2": "", "country": "INDIA", "state": "West Bengal", "city": "Khanakul", "order_note": "", "order_total": 608.94, "tax": 11.94, "status": "New", "ip": "127.0.0.1", "is_ordered": true, "created_at": "2021-04-13T05:57:00.760Z", "updated_at": "2021-04-13T05:57:35.893Z"}}, {"model": "orders.order", "pk": 25, "fields": {"user": 7, "payment": 2, "order_number": "2021041325", "first_name": "Johnny", "last_name": "Sins", "email": "narayanmaitysp1997@gmail.com", "phone": "1234567890", "address_line_1": "Village - Dhaldanga, Post - Marokhana, District- Hooghly", "address_line_2": "", "country": "INDIA", "state": "West Bengal", "city": "Khanakul", "order_note": "", "order_total": 608.94, "tax": 11.94, "status": "New", "ip": "127.0.0.1", "is_ordered": true, "created_at": "2021-04-13T07:12:04.159Z", "updated_at": "2021-04-13T07:12:43.722Z"}}, {"model": "orders.order", "pk": 26, "fields": {"user": 7, "payment": 3, "order_number": "2021041326", "first_name": "Johnny", "last_name": "Sins", "email": "narayanmaitysp1997@gmail.com", "phone": "1234567890", "address_line_1": "Village - Dhaldanga, Post - Marokhana, District- Hooghly", "address_line_2": "", "country": "INDIA", "state": "West Bengal", "city": "Khanakul", "order_note": "", "order_total": 608.94, "tax": 11.94, "status": "New", "ip": "127.0.0.1", "is_ordered": true, "created_at": "2021-04-13T07:20:33.713Z", "updated_at": "2021-04-13T07:20:58.280Z"}}, {"model": "orders.order", "pk": 27, "fields": {"user": 7, "payment": 4, "order_number": "2021041327", "first_name": "John", "last_name": "Doe", "email": "john.doe@gmail.com", "phone": "1234567890", "address_line_1": "31, FLOOR-3, PLOT - 005/7, PACHIBAI BUILDING VITHOBA LANE, VITTHALWADI, KALBADEVI", "address_line_2": "", "country": "INDIA", "state": "MAHARASHTRA", "city": "MUMBAI", "order_note": "Testing the stock changes", "order_total": 1409.64, "tax": 27.64, "status": "New", "ip": "127.0.0.1", "is_ordered": true, "created_at": "2021-04-13T07:25:08.364Z", "updated_at": "2021-04-13T07:25:50.765Z"}}, {"model": "orders.order", "pk": 28, "fields": {"user": 7, "payment": null, "order_number": "2021041328", "first_name": "Molly", "last_name": "Jane", "email": "mollyjane@gmail.com", "phone": "1234567890", "address_line_1": "Village - Dhaldanga, Post - Marokhana, District- Hooghly", "address_line_2": "", "country": "INDIA", "state": "West Bengal", "city": "Khanakul", "order_note": "", "order_total": 1409.64, "tax": 27.64, "status": "New", "ip": "127.0.0.1", "is_ordered": false, "created_at": "2021-04-13T09:33:06.133Z", "updated_at": "2021-04-13T09:33:06.817Z"}}, {"model": "orders.order", "pk": 29, "fields": {"user": 7, "payment": null, "order_number": "2021041329", "first_name": "Molly", "last_name": "Jane", "email": "mollyjane@gmail.com", "phone": "1234567890", "address_line_1": "Village - Dhaldanga, Post - Marokhana, District- Hooghly", "address_line_2": "", "country": "INDIA", "state": "West Bengal", "city": "Khanakul", "order_note": "", "order_total": 1409.64, "tax": 27.64, "status": "New", "ip": "127.0.0.1", "is_ordered": false, "created_at": "2021-04-13T09:33:20.397Z", "updated_at": "2021-04-13T09:33:20.719Z"}}, {"model": "orders.order", "pk": 30, "fields": {"user": 7, "payment": null, "order_number": "2021041330", "first_name": "Molly", "last_name": "Jane", "email": "mollyjane@gmail.com", "phone": "1234567890", "address_line_1": "Village - Dhaldanga, Post - Marokhana, District- Hooghly", "address_line_2": "", "country": "INDIA", "state": "West Bengal", "city": "Khanakul", "order_note": "", "order_total": 1409.64, "tax": 27.64, "status": "New", "ip": "127.0.0.1", "is_ordered": false, "created_at": "2021-04-13T09:34:01.904Z", "updated_at": "2021-04-13T09:34:02.599Z"}}, {"model": "orders.order", "pk": 31, "fields": {"user": 7, "payment": null, "order_number": "2021041331", "first_name": "Molly", "last_name": "Jane", "email": "mollyjane@gmail.com", "phone": "1234567890", "address_line_1": "Village - Dhaldanga, Post - Marokhana, District- Hooghly", "address_line_2": "", "country": "INDIA", "state": "West Bengal", "city": "Khanakul", "order_note": "", "order_total": 1409.64, "tax": 27.64, "status": "New", "ip": "127.0.0.1", "is_ordered": false, "created_at": "2021-04-13T09:34:24.770Z", "updated_at": "2021-04-13T09:34:25.062Z"}}, {"model": "orders.order", "pk": 32, "fields": {"user": 7, "payment": null, "order_number": "2021041332", "first_name": "Molly", "last_name": "Jane", "email": "mollyjane@gmail.com", "phone": "1234567890", "address_line_1": "Village - Dhaldanga, Post - Marokhana, District- Hooghly", "address_line_2": "", "country": "INDIA", "state": "West Bengal", "city": "Khanakul", "order_note": "", "order_total": 1409.64, "tax": 27.64, "status": "New", "ip": "127.0.0.1", "is_ordered": false, "created_at": "2021-04-13T09:36:16.146Z", "updated_at": "2021-04-13T09:36:16.609Z"}}, {"model": "orders.order", "pk": 33, "fields": {"user": 7, "payment": null, "order_number": "2021041333", "first_name": "Molly", "last_name": "Jane", "email": "mollyjane@gmail.com", "phone": "1234567890", "address_line_1": "Village - Dhaldanga, Post - Marokhana, District- Hooghly", "address_line_2": "", "country": "INDIA", "state": "West Bengal", "city": "Khanakul", "order_note": "", "order_total": 1409.64, "tax": 27.64, "status": "New", "ip": "127.0.0.1", "is_ordered": false, "created_at": "2021-04-13T09:36:59.847Z", "updated_at": "2021-04-13T09:37:00.493Z"}}, {"model": "orders.order", "pk": 34, "fields": {"user": 7, "payment": null, "order_number": "2021041334", "first_name": "Molly", "last_name": "Jane", "email": "sins.johnny@gmail.com", "phone": "1234567890", "address_line_1": "Village - Dhaldanga, Post - Marokhana, District- Hooghly", "address_line_2": "", "country": "INDIA", "state": "West Bengal", "city": "Khanakul", "order_note": "", "order_total": 669.12, "tax": 13.12, "status": "New", "ip": "127.0.0.1", "is_ordered": false, "created_at": "2021-04-13T09:38:43.374Z", "updated_at": "2021-04-13T09:38:43.605Z"}}, {"model": "orders.order", "pk": 35, "fields": {"user": 7, "payment": 5, "order_number": "2021041335", "first_name": "Molly", "last_name": "Jane", "email": "sins.johnny@gmail.com", "phone": "1234567890", "address_line_1": "Village - Dhaldanga, Post - Marokhana, District- Hooghly", "address_line_2": "", "country": "INDIA", "state": "West Bengal", "city": "Khanakul", "order_note": "", "order_total": 669.12, "tax": 13.12, "status": "New", "ip": "127.0.0.1", "is_ordered": true, "created_at": "2021-04-13T09:41:08.133Z", "updated_at": "2021-04-13T09:41:50.843Z"}}, {"model": "orders.order", "pk": 36, "fields": {"user": 7, "payment": null, "order_number": "2021041336", "first_name": "Narayan", "last_name": "Maity", "email": "narayanmaitysp1997@gmail.com", "phone": "1234567890", "address_line_1": "Village - Dhaldanga, Post - Marokhana, District- Hooghly", "address_line_2": "", "country": "INDIA", "state": "West Bengal", "city": "Khanakul", "order_note": "", "order_total": 263.16, "tax": 5.16, "status": "New", "ip": "127.0.0.1", "is_ordered": false, "created_at": "2021-04-13T09:47:05.805Z", "updated_at": "2021-04-13T09:47:06.289Z"}}, {"model": "orders.order", "pk": 37, "fields": {"user": 7, "payment": null, "order_number": "2021041337", "first_name": "Narayan", "last_name": "Maity", "email": "narayanmaitysp1997@gmail.com", "phone": "1234567890", "address_line_1": "Village - Dhaldanga, Post - Marokhana, District- Hooghly", "address_line_2": "", "country": "INDIA", "state": "West Bengal", "city": "Khanakul", "order_note": "", "order_total": 263.16, "tax": 5.16, "status": "New", "ip": "127.0.0.1", "is_ordered": false, "created_at": "2021-04-13T09:48:25.852Z", "updated_at": "2021-04-13T09:48:26.546Z"}}, {"model": "orders.order", "pk": 38, "fields": {"user": 7, "payment": null, "order_number": "2021041338", "first_name": "Narayan", "last_name": "Maity", "email": "narayanmaitysp1997@gmail.com", "phone": "1234567890", "address_line_1": "Village - Dhaldanga, Post - Marokhana, District- Hooghly", "address_line_2": "", "country": "INDIA", "state": "West Bengal", "city": "Khanakul", "order_note": "", "order_total": 263.16, "tax": 5.16, "status": "New", "ip": "127.0.0.1", "is_ordered": false, "created_at": "2021-04-13T09:51:36.286Z", "updated_at": "2021-04-13T09:51:36.649Z"}}, {"model": "orders.order", "pk": 39, "fields": {"user": 7, "payment": null, "order_number": "2021041339", "first_name": "Narayan", "last_name": "Maity", "email": "narayanmaitysp1997@gmail.com", "phone": "1234567890", "address_line_1": "Village - Dhaldanga, Post - Marokhana, District- Hooghly", "address_line_2": "", "country": "INDIA", "state": "West Bengal", "city": "Khanakul", "order_note": "", "order_total": 263.16, "tax": 5.16, "status": "New", "ip": "127.0.0.1", "is_ordered": false, "created_at": "2021-04-13T09:52:09.238Z", "updated_at": "2021-04-13T09:52:09.658Z"}}, {"model": "orders.order", "pk": 40, "fields": {"user": 7, "payment": null, "order_number": "2021041340", "first_name": "Narayan", "last_name": "Maity", "email": "narayanmaitysp1997@gmail.com", "phone": "1234567890", "address_line_1": "Village - Dhaldanga, Post - Marokhana, District- Hooghly", "address_line_2": "", "country": "INDIA", "state": "West Bengal", "city": "Khanakul", "order_note": "", "order_total": 263.16, "tax": 5.16, "status": "New", "ip": "127.0.0.1", "is_ordered": false, "created_at": "2021-04-13T09:54:06.746Z", "updated_at": "2021-04-13T09:54:06.992Z"}}, {"model": "orders.order", "pk": 41, "fields": {"user": 7, "payment": 6, "order_number": "2021041341", "first_name": "Narayan", "last_name": "Maity", "email": "narayanmaitysp1997@gmail.com", "phone": "1234567890", "address_line_1": "Village - Dhaldanga, Post - Marokhana, District- Hooghly", "address_line_2": "", "country": "INDIA", "state": "West Bengal", "city": "Khanakul", "order_note": "", "order_total": 263.16, "tax": 5.16, "status": "New", "ip": "127.0.0.1", "is_ordered": true, "created_at": "2021-04-13T09:56:13.818Z", "updated_at": "2021-04-13T09:56:55.419Z"}}, {"model": "orders.order", "pk": 42, "fields": {"user": 7, "payment": 7, "order_number": "2021041342", "first_name": "Johnny", "last_name": "Doe", "email": "sins.johnny@gmail.com", "phone": "1234567890", "address_line_1": "Village - Dhaldanga, Post - Marokhana, District- Hooghly", "address_line_2": "", "country": "INDIA", "state": "West Bengal", "city": "Khanakul", "order_note": "", "order_total": 202.98, "tax": 3.98, "status": "New", "ip": "127.0.0.1", "is_ordered": true, "created_at": "2021-04-13T10:07:42.926Z", "updated_at": "2021-04-13T10:08:18.232Z"}}, {"model": "orders.order", "pk": 43, "fields": {"user": 7, "payment": 8, "order_number": "2021041343", "first_name": "Narayan", "last_name": "Sins", "email": "narayanmaitysp1997@gmail.com", "phone": "1234567890", "address_line_1": "Village - Dhaldanga, Post - Marokhana, District- Hooghly", "address_line_2": "", "country": "INDIA", "state": "West Bengal", "city": "Khanakul", "order_note": "", "order_total": 405.96, "tax": 7.96, "status": "New", "ip": "127.0.0.1", "is_ordered": true, "created_at": "2021-04-13T10:08:55.273Z", "updated_at": "2021-04-13T10:09:26.506Z"}}, {"model": "orders.order", "pk": 44, "fields": {"user": 7, "payment": 9, "order_number": "2021041444", "first_name": "Molly", "last_name": "Jane", "email": "john.doe@gmail.com", "phone": "1234567890", "address_line_1": "31, FLOOR-3, PLOT - 005/7, PACHIBAI BUILDING VITHOBA LANE, VITTHALWADI, KALBADEVI", "address_line_2": "", "country": "INDIA", "state": "MAHARASHTRA", "city": "MUMBAI", "order_note": "", "order_total": 263.16, "tax": 5.16, "status": "New", "ip": "127.0.0.1", "is_ordered": true, "created_at": "2021-04-14T16:42:19.449Z", "updated_at": "2021-04-14T16:42:57.793Z"}}, {"model": "orders.order", "pk": 45, "fields": {"user": 7, "payment": 10, "order_number": "2021041845", "first_name": "Narayan", "last_name": "Maity", "email": "narayanmaitysp1997@gmail.com", "phone": "+918972741162", "address_line_1": "Village - Dhaldanga, Post - Marokhana, District- Hooghly", "address_line_2": "", "country": "India", "state": "West Bengal", "city": "Khanakul", "order_note": "", "order_total": 263.16, "tax": 5.16, "status": "New", "ip": "127.0.0.1", "is_ordered": true, "created_at": "2021-04-18T14:38:16.495Z", "updated_at": "2021-04-18T14:38:47.878Z"}}, {"model": "orders.order", "pk": 46, "fields": {"user": 1, "payment": 11, "order_number": "2021041946", "first_name": "Narayan", "last_name": "Maity", "email": "narayanmaitysp1997@gmail.com", "phone": "+918972741162", "address_line_1": "Village - Dhaldanga, Post - Marokhana, District- Hooghly", "address_line_2": "", "country": "India", "state": "West Bengal", "city": "Khanakul", "order_note": "", "order_total": 405.96, "tax": 7.96, "status": "New", "ip": "127.0.0.1", "is_ordered": true, "created_at": "2021-04-19T09:43:35.294Z", "updated_at": "2021-04-19T09:44:32.532Z"}}, {"model": "orders.orderproduct", "pk": 1, "fields": {"order": 25, "payment": 2, "user": 7, "product": 1, "quantity": 3, "product_price": 199.0, "ordered": true, "created_at": "2021-04-13T07:12:44.412Z", "updated_at": "2021-04-13T07:12:45.256Z", "variations": [10, 14]}}, {"model": "orders.orderproduct", "pk": 2, "fields": {"order": 26, "payment": 3, "user": 7, "product": 1, "quantity": 3, "product_price": 199.0, "ordered": true, "created_at": "2021-04-13T07:20:58.610Z", "updated_at": "2021-04-13T07:20:59.245Z", "variations": [10, 14]}}, {"model": "orders.orderproduct", "pk": 3, "fields": {"order": 27, "payment": 4, "user": 7, "product": 1, "quantity": 5, "product_price": 199.0, "ordered": true, "created_at": "2021-04-13T07:25:51.206Z", "updated_at": "2021-04-13T07:25:52.164Z", "variations": [12, 14]}}, {"model": "orders.orderproduct", "pk": 4, "fields": {"order": 27, "payment": 4, "user": 7, "product": 6, "quantity": 3, "product_price": 129.0, "ordered": true, "created_at": "2021-04-13T07:25:53.024Z", "updated_at": "2021-04-13T07:25:53.828Z", "variations": [17, 20]}}, {"model": "orders.orderproduct", "pk": 5, "fields": {"order": 35, "payment": 5, "user": 7, "product": 1, "quantity": 2, "product_price": 199.0, "ordered": true, "created_at": "2021-04-13T09:41:51.145Z", "updated_at": "2021-04-13T09:41:51.890Z", "variations": [10, 14]}}, {"model": "orders.orderproduct", "pk": 6, "fields": {"order": 35, "payment": 5, "user": 7, "product": 6, "quantity": 2, "product_price": 129.0, "ordered": true, "created_at": "2021-04-13T09:41:52.594Z", "updated_at": "2021-04-13T09:41:53.119Z", "variations": [17, 20]}}, {"model": "orders.orderproduct", "pk": 7, "fields": {"order": 41, "payment": 6, "user": 7, "product": 6, "quantity": 2, "product_price": 129.0, "ordered": true, "created_at": "2021-04-13T09:56:55.571Z", "updated_at": "2021-04-13T09:56:56.144Z", "variations": [16, 20]}}, {"model": "orders.orderproduct", "pk": 8, "fields": {"order": 42, "payment": 7, "user": 7, "product": 1, "quantity": 1, "product_price": 199.0, "ordered": true, "created_at": "2021-04-13T10:08:18.621Z", "updated_at": "2021-04-13T10:08:19.168Z", "variations": [10, 13]}}, {"model": "orders.orderproduct", "pk": 9, "fields": {"order": 43, "payment": 8, "user": 7, "product": 1, "quantity": 2, "product_price": 199.0, "ordered": true, "created_at": "2021-04-13T10:09:26.986Z", "updated_at": "2021-04-13T10:09:27.609Z", "variations": [10, 14]}}, {"model": "orders.orderproduct", "pk": 10, "fields": {"order": 44, "payment": 9, "user": 7, "product": 6, "quantity": 2, "product_price": 129.0, "ordered": true, "created_at": "2021-04-14T16:42:58.306Z", "updated_at": "2021-04-14T16:42:59.771Z", "variations": [16, 20]}}, {"model": "orders.orderproduct", "pk": 11, "fields": {"order": 45, "payment": 10, "user": 7, "product": 6, "quantity": 2, "product_price": 129.0, "ordered": true, "created_at": "2021-04-18T14:38:48.047Z", "updated_at": "2021-04-18T14:38:48.534Z", "variations": [17, 19]}}, {"model": "orders.orderproduct", "pk": 12, "fields": {"order": 46, "payment": 11, "user": 1, "product": 1, "quantity": 2, "product_price": 199.0, "ordered": true, "created_at": "2021-04-19T09:44:32.678Z", "updated_at": "2021-04-19T09:44:33.124Z", "variations": [10, 13]}}, {"model": "admin_honeypot.loginattempt", "pk": 1, "fields": {"username": "narayanmaitysp@gmail.com", "ip_address": "127.0.0.1", "session_key": "ubmasiw8dcaswp96hvnb3nvvapwq6p2t", "user_agent": "Mozilla/5.0 (Windows NT 10.0; Win64; x64) AppleWebKit/537.36 (KHTML, like Gecko) Chrome/89.0.4389.128 Safari/537.36", "timestamp": "2021-04-15T09:37:21.856Z", "path": "/admin/login/?next=/admin/"}}, {"model": "admin_honeypot.loginattempt", "pk": 2, "fields": {"username": "narayanmaitysp@gmail.com", "ip_address": "127.0.0.1", "session_key": "e1wwtikpx0cf7ko76j6ete9aracofp8s", "user_agent": "Mozilla/5.0 (Windows NT 10.0; Win64; x64) AppleWebKit/537.36 (KHTML, like Gecko) Chrome/90.0.4430.72 Safari/537.36", "timestamp": "2021-04-18T10:22:13.919Z", "path": "/admin/login/?next=/admin/"}}, {"model": "admin_honeypot.loginattempt", "pk": 3, "fields": {"username": "narayanmaitysp@gmail.com", "ip_address": "127.0.0.1", "session_key": "e1wwtikpx0cf7ko76j6ete9aracofp8s", "user_agent": "Mozilla/5.0 (Windows NT 10.0; Win64; x64) AppleWebKit/537.36 (KHTML, like Gecko) Chrome/90.0.4430.72 Safari/537.36", "timestamp": "2021-04-18T10:22:21.903Z", "path": "/admin/login/?next=/admin/"}}, {"model": "admin_honeypot.loginattempt", "pk": 4, "fields": {"username": "narayanmaitysp@gmail.com", "ip_address": "127.0.0.1", "session_key": null, "user_agent": "Mozilla/5.0 (Windows NT 10.0; Win64; x64) AppleWebKit/537.36 (KHTML, like Gecko) Chrome/90.0.4430.72 Safari/537.36", "timestamp": "2021-04-18T10:22:39.638Z", "path": "/admin/login/?next=/admin/login/accounts/login/"}}, {"model": "admin_honeypot.loginattempt", "pk": 5, "fields": {"username": "nansmatty97@gmail.com", "ip_address": "127.0.0.1", "session_key": null, "user_agent": "Mozilla/5.0 (Windows NT 10.0; Win64; x64) AppleWebKit/537.36 (KHTML, like Gecko) Chrome/90.0.4430.72 Safari/537.36", "timestamp": "2021-04-18T10:25:25.145Z", "path": "/admin/login/?next=/admin/"}}, {"model": "admin_honeypot.loginattempt", "pk": 6, "fields": {"username": "nansmatty97@gmail.com", "ip_address": "127.0.0.1", "session_key": null, "user_agent": "Mozilla/5.0 (Windows NT 10.0; Win64; x64) AppleWebKit/537.36 (KHTML, like Gecko) Chrome/90.0.4430.72 Safari/537.36", "timestamp": "2021-04-18T10:25:50.390Z", "path": "/admin/login/?next=/admin/"}}, {"model": "admin_honeypot.loginattempt", "pk": 7, "fields": {"username": "narayanmaitysp@gmail.com", "ip_address": "127.0.0.1", "session_key": null, "user_agent": "Mozilla/5.0 (Windows NT 10.0; Win64; x64) AppleWebKit/537.36 (KHTML, like Gecko) Chrome/90.0.4430.72 Safari/537.36", "timestamp": "2021-04-18T10:26:09.684Z", "path": "/admin/login/?next=/admin/"}}]